Tên đăng bán;Giá bán;Hãng;Dòng xe;Năm sản xuất;Số Km đã đi;Tình trạng;Hộp số;Nhiên liệu;Xuất xứ;Kiểu dáng;Số chỗ;Chính sách bảo hành;Trọng lượng;Trọng tải
Mazda cx5 2.0 2021 màu đỏ bản Premium;755.000.000 đ ;Mazda;CX 5;2021;38000;Đã sử dụng;Tự động;Xăng;Việt Nam;SUV / Cross over;5;Bảo hành hãng;> 1 tấn;> 2 tấn
__Mercedes c200 sx 2017 2.0 AT cao cấp od 6v km 💥;785.000.000 đ ;Mercedes Benz;C Class;2017;60000;Đã sử dụng;Tự động;Xăng;Đang cập nhật;Sedan;5;Bảo hành hãng;> 1 tấn;> 2 tấn
XE Range Rover HSE lên Model 2020 bản 5 ghế;1.999.000.000 đ ;LandRover;Range Rover;2013;2;Đã sử dụng;Tự động;Xăng;Nước khác;SUV / Cross over;8;Bảo hành hãng;> 1 tấn;> 2 tấn
Bán xe Camry 2.0G 2021 Thái Lan. Trả góp 300;885.000.000 đ ;Toyota;Camry;2021;28000;Đã sử dụng;Tự động;Xăng;Thái Lan;Sedan;5;Bảo hành hãng;> 1 tấn;> 2 tấn
Hyundai Tucson 2.0 Full Dầu 2018, Hỗ Trợ Bank 70%;665.000.000 đ ;Hyundai;Tucson;2018;70000;Đã sử dụng;Tự động;Dầu;Việt Nam;SUV / Cross over;5;Bảo hành hãng;> 1 tấn;> 2 tấn
LONGANHAUTO về Mercedes A200 sx2013 siêu lướt😋;399.000.000 đ ;Mercedes Benz;C Class;2013;52000;Đã sử dụng;Tự động;Xăng;Đức;Sedan;5;Bảo hành hãng;> 1 tấn;> 2 tấn
CIVIC G MODEL 2020, NHẬP THÁI, BIỂN SG, SIÊU LƯỚT;600.000.000 đ ;Honda;Civic;2020;40000;Đã sử dụng;Tự động;Xăng;Thái Lan;Sedan;5;Bảo hành hãng;> 1 tấn;> 2 tấn
Audi A8L 55 TFSI quattro siêu lướt model 2021;3.499.000.000 đ ;Audi;A8;2020;27000;Đã sử dụng;Tự động;Xăng;Nước khác;Sedan;5;Bảo hành hãng;> 1 tấn;> 2 tấn
Mercedes Benz V250 Luxury Model 2021;1.890.000.000 đ ;Mercedes Benz;V Class;2020;47000;Đã sử dụng;Tự động;Xăng;Nước khác;Minivan (MPV);7;Bảo hành hãng;> 1 tấn;> 2 tấn
CRV L ĐỎ SIÊU LƯỚT, NHIỀU PHỤ KIỆN, GIÁ MỀM, 95%;880.000.000 đ ;Honda;CR V;2021;17789;Đã sử dụng;Tự động;Xăng;Việt Nam;SUV / Cross over;7;Bảo hành hãng;> 1 tấn;> 2 tấn
Bán xe Camry 2.0 2019 nhập Thái. bảo hành Toyota;820.000.000 đ ;Toyota;Camry;2019;45000;Đã sử dụng;Tự động;Xăng;Thái Lan;Sedan;5;Bảo hành hãng;> 1 tấn;> 2 tấn
Mercedes Benz E Class E180 2022 lướt 7000 km;1.590.000.000 đ ;Mercedes Benz;E Class;2022;7000;Đã sử dụng;Tự động;Xăng;Đang cập nhật;Sedan;2;Bảo hành hãng;> 1 tấn;> 2 tấn
Hãng bán Ranger XLS AT Nhập Thái nắp thùng cao;518.000.000 đ ;Ford;Ranger;2020;38000;Đã sử dụng;Tự động;Dầu;Thái Lan;Pick-up (bán tải);5;Bảo hành hãng;> 1 tấn;> 2 tấn
✅ Honda CRV 1.5Turbo bản L NHẬP KHẨU nguyên chiếc;755.000.000 đ ;Honda;CR V;2018;50000;Đã sử dụng;Tự động;Xăng;Đang cập nhật;SUV / Cross over;7;Bảo hành hãng;> 1 tấn;> 2 tấn
Audi A6 sx 2015 đi 6v5 mile giá mềm cho ae chơi xe;815.000.000 đ ;Audi;A6;2015;65000;Đã sử dụng;Tự động;Xăng;Đang cập nhật;Sedan;4;Bảo hành hãng;> 1 tấn;> 2 tấn
Mercedes Benz GLC200 2022 siêu lướt BH đến 2025;1.569.000.000 đ ;Mercedes Benz;GLC Class;2022;5000;Đã sử dụng;Tự động;Xăng;Đang cập nhật;SUV / Cross over;5;Bảo hành hãng;> 1 tấn;> 2 tấn
Mercedes GLC 250 4MATIC sx 2016 đẹp zin;890.000.000 đ ;Mercedes Benz;GLC;2016;60000;Đã sử dụng;Tự động;Xăng;Đang cập nhật;Sedan;5;Bảo hành hãng;> 1 tấn;> 2 tấn
Mercedes C300 AMG Model 2019 Nội Thất Nâu Bank 80%;1.099.000.000 đ ;Mercedes Benz;C Class;2018;43000;Đã sử dụng;Tự động;Xăng;Việt Nam;Sedan;5;Bảo hành hãng;> 1 tấn;> 2 tấn
Mercedes GLC 200 4Matic T3.2022 full ls hãng!;1.600.000.000 đ ;Mercedes Benz;GLC;2021;14000;Đã sử dụng;Tự động;Xăng;Việt Nam;SUV / Cross over;2;Bảo hành hãng;> 1 tấn;> 2 tấn
Vinfast Lux A2.0 2020;539.000.000 đ ;Vinfast;Lux A2.0;2020;40000;Đã sử dụng;Tự động;Xăng;Việt Nam;Sedan;5;Bảo hành hãng;> 1 tấn;> 2 tấn
cần bán xe huyndai kona đời cuối 2018 bản 2.0 chât;488.000.000 đ ;Hyundai;Kona;2018;69000;Đã sử dụng;Tự động;Xăng;Đang cập nhật;SUV / Cross over;5;Bảo hành hãng;> 1 tấn;> 2 tấn
Honda Civic RS 1.5 AT 2020;650.000.000 đ ;Honda;Civic;2020;22000;Đã sử dụng;Tự động;Xăng;Thái Lan;Sedan;5;Bảo hành hãng;> 1 tấn;> 2 tấn
Toyota Prado Xuất VAT công ty sx 2021;2.230.000.000 đ ;Toyota;Land Cruiser Prado;2021;40000;Đã sử dụng;Tự động;Xăng;Nhật Bản;SUV / Cross over;7;Bảo hành hãng;> 1 tấn;> 2 tấn
Vinfast Fadil Tiêu Chuẩn 2021;299.000.000 đ ;Vinfast;Fadil;2021;13000;Đã sử dụng;Tự động;Xăng;Việt Nam;Hatchback;5;Bảo hành hãng;> 1 tấn;> 2 tấn
Mercedes C200 Sản Xuất 2016 Trắng Nội Thất Kem;739.000.000 đ ;Mercedes Benz;C Class;2016;73000;Đã sử dụng;Tự động;Xăng;Việt Nam;Sedan;5;Bảo hành hãng;> 1 tấn;> 2 tấn
__ Morning Van 2014 model 2015 , tư nhân chính chủ;230.000.000 đ ;Kia;Morning;2014;86000;Đã sử dụng;Tự động;Xăng;Đang cập nhật;Hatchback;2;Bảo hành hãng;> 1 tấn;> 2 tấn
Vinfast Lux A Plus 2020 - Màu xanh - 3v9 km;575.000.000 đ ;Vinfast;Lux A2.0;2020;38999;Đã sử dụng;Tự động;Xăng;Đang cập nhật;Sedan;5;Bảo hành hãng;> 1 tấn;> 2 tấn
Transit SVP sx2020-34000km xe cty chở CNV;669.000.000 đ ;Ford;Transit;2020;34000;Đã sử dụng;Số sàn;Dầu;Việt Nam;Minivan (MPV);16;Bảo hành hãng;> 1 tấn;> 2 tấn
Mercedes C200 Avantgarde Plus V1 2023 SIÊU LƯỚT!;1.590.000.000 đ ;Mercedes Benz;C Class;2022;6500;Đã sử dụng;Tự động;Xăng;Việt Nam;Sedan;5;Bảo hành hãng;> 1 tấn;> 2 tấn
MAZDA 3 2018 1 CHỦ TỪ ĐẦU;475.000.000 đ ;Mazda;3;2018;17000;Đã sử dụng;Tự động;Xăng;Việt Nam;Sedan;5;Bảo hành hãng;> 1 tấn;> 2 tấn
HÃNG bán FORD ECOSPORT TITA 1.0 Ecoboost biển SG;445.000.000 đ ;Ford;EcoSport;2018;38000;Đã sử dụng;Tự động;Xăng;Việt Nam;SUV / Cross over;5;Bảo hành hãng;> 1 tấn;> 2 tấn
Mercedes Benz C250 2009,BIỂN VIP BỐN MÙA MÃI NHẤT;360.000.000 đ ;Mercedes Benz;C Class;2009;90000;Đã sử dụng;Tự động;Xăng;Việt Nam;Sedan;5;Bảo hành hãng;> 1 tấn;> 2 tấn
Mazda 3 1.5AT 2020 - Màu trắng - 3v6 km;495.000.000 đ ;Mazda;3;2020;36000;Đã sử dụng;Tự động;Xăng;Đang cập nhật;Sedan;5;Bảo hành hãng;> 1 tấn;> 2 tấn
Hyundai Elantra 2019 1.6 AT phom mới màu trắng kem;490.000.000 đ ;Hyundai;Elantra;2019;40000;Đã sử dụng;Tự động;Xăng;Đang cập nhật;Sedan;5;Bảo hành hãng;> 1 tấn;> 2 tấn
Suzuki XL7 AT 2021;538.000.000 đ ;Suzuki;XL 7;2021;38000;Đã sử dụng;Tự động;Xăng;Việt Nam;Minivan (MPV);7;Bảo hành hãng;> 1 tấn;> 2 tấn
LONGANHAUTO về Mercedes C300 AMG sx2017 siêu cop😍;968.000.000 đ ;Mercedes Benz;C Class;2017;56000;Đã sử dụng;Tự động;Xăng;Đức;Sedan;5;Bảo hành hãng;> 1 tấn;> 2 tấn
Ford Focus 2014 2.0AT xe đẹp đi chuẩn 63000km;365.000.000 đ ;Ford;Focus;2014;63000;Đã sử dụng;Tự động;Xăng;Việt Nam;Sedan;5;Bảo hành hãng;> 1 tấn;> 2 tấn
Mazda 3 1.5 AT Deluxe 2022;550.000.000 đ ;Mazda;3;2022;20000;Đã sử dụng;Tự động;Xăng;Việt Nam;Sedan;5;Bảo hành hãng;> 1 tấn;> 2 tấn
Hãng Ford bán Tourneo 2019 bs SG 1 chủ bh 1 năm;659.000.000 đ ;Ford;Tourneo;2019;47000;Đã sử dụng;Tự động;Xăng;Việt Nam;Minivan (MPV);7;Bảo hành hãng;> 1 tấn;> 2 tấn
Accent 1.4AT 2013 model 2014, 1 chủ từ đầu, 11 vạn;315.000.000 đ ;Hyundai;Accent;2013;110000;Đã sử dụng;Tự động;Xăng;Đang cập nhật;Sedan;5;Bảo hành hãng;> 1 tấn;> 2 tấn
Kia Rondo GAT Deluxe 2022 biển TP;550.000.000 đ ;Kia;Rondo;2022;16000;Đã sử dụng;Tự động;Xăng;Việt Nam;SUV / Cross over;7;Bảo hành hãng;> 1 tấn;> 2 tấn
Chevrolet Trailblazer LTZ 4x4 2018 Máy Dầu;625.000.000 đ ;Chevrolet;Trailblazer;2018;50000;Đã sử dụng;Tự động;Dầu;Thái Lan;SUV / Cross over;7;Bảo hành hãng;> 1 tấn;> 2 tấn
Mercedes Benz C Class C200 Avangarde Model 2023;1.400.000.000 đ ;Mercedes Benz;C Class;2023;7000;Đã sử dụng;Tự động;Xăng;Đức;Sedan;5;Bảo hành hãng;> 1 tấn;> 2 tấn
Nissan X-trail 2.5 SV 4x4 Premium 2017;539.000.000 đ ;Nissan;X trail;2017;95000;Đã sử dụng;Tự động;Xăng;Việt Nam;SUV / Cross over;7;Bảo hành hãng;> 1 tấn;> 2 tấn
Vinfast Lux A Base 2021 - Màu xanh - 3v4 km;566.000.000 đ ;Vinfast;Lux A2.0;2021;34000;Đã sử dụng;Tự động;Xăng;Việt Nam;Sedan;5;Bảo hành hãng;> 1 tấn;> 2 tấn
Elantra Sport 1.6 Turbo 2021 - Trắng - 4v4 km;542.000.000 đ ;Hyundai;Elantra;2021;44000;Đã sử dụng;Tự động;Xăng;Đang cập nhật;Sedan;5;Bảo hành hãng;> 1 tấn;> 2 tấn
Suzuki Swift 1.4 AT 2016;345.000.000 đ ;Suzuki;Swift;2016;60000;Đã sử dụng;Tự động;Xăng;Việt Nam;Hatchback;5;Bảo hành hãng;> 1 tấn;> 2 tấn
Cx5 bản cao cấp nhất: 2.5 AWD SIGNATURE 2019;730.000.000 đ ;Mazda;CX 5;2019;30000;Đã sử dụng;Tự động;Xăng;Đang cập nhật;SUV / Cross over;5;Bảo hành hãng;> 1 tấn;> 2 tấn
Bán xe Toyota Cressida XL số sàn cực đẹp;88.000.000 đ ;Toyota;Cressida;1995;250000;Đã sử dụng;Số sàn;Xăng;Nhật Bản;Sedan;5;Bảo hành hãng;> 1 tấn;> 2 tấn
Hãng FORD bán ECOSPORT TITA 2019 B/Hành 1 năm;449.000.000 đ ;Ford;EcoSport;2019;59000;Đã sử dụng;Tự động;Xăng;Việt Nam;SUV / Cross over;5;Bảo hành hãng;> 1 tấn;> 2 tấn
Mercedes E300 AMG Model 2017 Full Option 01 Chủ;1.268.000.000 đ ;Mercedes Benz;E Class;2016;87000;Đã sử dụng;Tự động;Xăng;Việt Nam;Sedan;5;Bảo hành hãng;> 1 tấn;> 2 tấn
Mer S400L 2017 độ full Maybach cực đẹp. Có trả góp;1.890.000.000 đ ;Mercedes Benz;S Class;2017;60000;Đã sử dụng;Tự động;Xăng;Việt Nam;Sedan;5;Bảo hành hãng;> 1 tấn;> 2 tấn
Cực Hot Mercedes E200 Sản Xuất 2017 Hỗ Trợ Vay Cao;1.099.000.000 đ ;Mercedes Benz;E Class;2017;60000;Đã sử dụng;Tự động;Xăng;Việt Nam;Sedan;5;Bảo hành hãng;> 1 tấn;> 2 tấn
Kia Sorento 2.4L bản full xăng 2015;480.000.000 đ ;Kia;Sorento;2015;120000;Đã sử dụng;Tự động;Xăng;Việt Nam;SUV / Cross over;7;Bảo hành hãng;> 1 tấn;> 2 tấn
Mercedes C300 AMG 2019 Xuất HĐ Cao;1.199.000.000 đ ;Mercedes Benz;C Class;2019;55000;Đã sử dụng;Tự động;Xăng;Việt Nam;Sedan;5;Bảo hành hãng;> 1 tấn;> 2 tấn
dmax 2 cầu bản đủ đẹp suất sắc;395.000.000 đ ;Isuzu;Dmax;2017;120000;Đã sử dụng;Số sàn;Dầu;Thái Lan;Pick-up (bán tải);5;Bảo hành hãng;> 1 tấn;> 2 tấn
BMW 750li lên fom 2020 cực chất, xe mới đăng kiểm;599.000.000 đ ;BMW;7 Series;2009;110000;Đã sử dụng;Tự động;Xăng;Đức;Sedan;4;Bảo hành hãng;> 1 tấn;> 2 tấn
MAYBACH S400 đẹp thị trường.Hỗ trợ trả góp70%;2.999.000.000 đ ;Mercedes Benz;Maybach;2016;30000;Đã sử dụng;Tự động;Xăng;Đức;Sedan;4;Bảo hành hãng;> 1 tấn;> 2 tấn
Toyota Yaris 1.3G sx 2015 đk 2016 chạy chuẩn 7 vạn;375.000.000 đ ;Toyota;Yaris;2015;70000;Đã sử dụng;Tự động;Xăng;Đang cập nhật;Hatchback;5;Bảo hành hãng;> 1 tấn;> 2 tấn
Mercedes S450 Luxury sx 2022 đk 2023 cgyâbr 1.2vạn;4.980.000.000 đ ;Mercedes Benz;S Class;2022;12000;Đã sử dụng;Tự động;Xăng;Đang cập nhật;Sedan;5;Bảo hành hãng;> 1 tấn;> 2 tấn
Mercedes Benz C Class C200 Exclusive 2021 Bank 85%;1.268.000.000 đ ;Mercedes Benz;C Class;2021;31000;Đã sử dụng;Tự động;Xăng;Việt Nam;Sedan;5;Bảo hành hãng;> 1 tấn;> 2 tấn
bán Grand Starex 2008 nhập không cải tạo;298.000.000 đ ;Hyundai;Grand Starex;2008;10000;Đã sử dụng;Số sàn;Dầu;Hàn Quốc;Minivan (MPV);5;Bảo hành hãng;> 1 tấn;> 2 tấn
Mercedes Benz C250 Exclusive model 2017 đẳng cấp;779.000.000 đ ;Mercedes Benz;C Class;2017;48000;Đã sử dụng;Tự động;Xăng;Đang cập nhật;Sedan;5;Bảo hành hãng;> 1 tấn;> 2 tấn
KIA K3 SỐ SÀN 2022 XE NHƯ MỚI 8000KM;505.000.000 đ ;Kia;K3;2022;8000;Đã sử dụng;Số sàn;Xăng;Đang cập nhật;Sedan;2;Bảo hành hãng;> 1 tấn;> 2 tấn
Honda Civic RS 1.5 AT 2019;610.000.000 đ ;Honda;Civic;2019;69000;Đã sử dụng;Tự động;Xăng;Thái Lan;Sedan;5;Bảo hành hãng;> 1 tấn;> 2 tấn
bán Toyota Yaris 1.5 G sx 2017;440.000.000 đ ;Toyota;Yaris;2017;40000;Đã sử dụng;Tự động;Xăng;Đang cập nhật;Hatchback;5;Bảo hành hãng;> 1 tấn;> 2 tấn
Mazda 6 2.5L Premium 2018;575.000.000 đ ;Mazda;6;2018;95000;Đã sử dụng;Tự động;Xăng;Đang cập nhật;Sedan;5;Bảo hành hãng;> 1 tấn;> 2 tấn
Peugeot 3008 AL sx 2022 siêu đẹp;889.000.000 đ ;Peugeot;3008;2022;10000;Đã sử dụng;Tự động;Xăng;Việt Nam;SUV / Cross over;5;Bảo hành hãng;> 1 tấn;> 2 tấn
Ford Ecosport 1.5 Titanium 2018;440.000.000 đ ;Ford;EcoSport;2018;64000;Đã sử dụng;Tự động;Xăng;Việt Nam;SUV / Cross over;5;Bảo hành hãng;> 1 tấn;> 2 tấn
Hyundai Santafe 2.4 AT AWD 2018;695.000.000 đ ;Hyundai;Santa Fe;2018;23000;Đã sử dụng;Tự động;Xăng;Việt Nam;SUV / Cross over;7;Bảo hành hãng;> 1 tấn;> 2 tấn
BMW 528i GT model 2017 thể thao, một đời chủ;1.150.000.000 đ ;BMW;5 Series;2016;73000;Đã sử dụng;Tự động;Xăng;Đức;Sedan;4;Bảo hành hãng;> 1 tấn;> 2 tấn
Honda CRV 2.4 TG 2016 Cao Cấp, BH 12 Tháng;580.000.000 đ ;Honda;CR V;2016;60000;Đã sử dụng;Tự động;Xăng;Việt Nam;SUV / Cross over;5;Bảo hành hãng;> 1 tấn;> 2 tấn
Toyata Innova 2.0E biển vàng cực hot bao test;365.000.000 đ ;Toyota;Innova;2016;160000;Đã sử dụng;Số sàn;Xăng;Đang cập nhật;Minivan (MPV);8;Bảo hành hãng;> 1 tấn;> 2 tấn
ECOSPORT TITANIUM 2020 BẢN CAO CẤP NHẤT BH 1 NĂM;468.000.000 đ ;Ford;EcoSport;2020;35000;Đã sử dụng;Tự động;Xăng;Đang cập nhật;SUV / Cross over;5;Bảo hành hãng;> 1 tấn;> 2 tấn
Santafe 2.2Diesel Premium sx2020 hãng bán bảo hành;899.000.000 đ ;Hyundai;Santa Fe;2020;75000;Đã sử dụng;Tự động;Dầu;Việt Nam;SUV / Cross over;7;Bảo hành hãng;> 1 tấn;> 2 tấn
Mẹc GL400 4Matic 2015 cực đẹp, bảo dưỡng đều đặn;1.390.000.000 đ ;Mercedes Benz;GL Class;2015;80000;Đã sử dụng;Tự động;Xăng;Đang cập nhật;SUV / Cross over;7;Bảo hành hãng;> 1 tấn;> 2 tấn
Kia Cerato 2.0 prenium 2019 Một chủ;489.000.000 đ ;Kia;Cerato;2019;800000;Đã sử dụng;Tự động;Xăng;Việt Nam;Sedan;5;Bảo hành hãng;> 1 tấn;> 2 tấn
Peugeot 3008 GT sx 2022 siêu đẹp;979.000.000 đ ;Peugeot;3008;2022;10000;Đã sử dụng;Tự động;Xăng;Việt Nam;SUV / Cross over;5;Bảo hành hãng;> 1 tấn;> 2 tấn
cx5 2.0 2019 pre;685.000.000 đ ;Mazda;CX 5;2019;56000;Đã sử dụng;Tự động;Xăng;Việt Nam;SUV / Cross over;5;Bảo hành hãng;> 1 tấn;> 2 tấn
Vinfast Lux A Base 2022 - Màu đen - 1v km;606.000.000 đ ;Vinfast;Lux A2.0;2022;10000;Đã sử dụng;Tự động;Xăng;Đang cập nhật;Sedan;5;Bảo hành hãng;> 1 tấn;> 2 tấn
Mercedes Benz C200 Avantgarde 2023 siêu lướt;1.429.000.000 đ ;Mercedes Benz;C Class;2023;7000;Đã sử dụng;Tự động;Xăng;Việt Nam;Sedan;4;Bảo hành hãng;> 1 tấn;> 2 tấn
Mercedes_C300AMG Sx 2022 Bao bank 90%;1.898.000.000 đ ;Mercedes Benz;C Class;2022;9000;Đã sử dụng;Tự động;Xăng;Đức;Sedan;5;Bảo hành hãng;> 1 tấn;> 2 tấn
Mer C300 AMG 2016 xe đẹp.Trả góp 300tr nhận xe lun;860.000.000 đ ;Mercedes Benz;C Class;2016;42000;Đã sử dụng;Tự động;Xăng;Việt Nam;Sedan;5;Bảo hành hãng;> 1 tấn;> 2 tấn
INNOVA VENTURER 2018 AT xe gia đình 1 chủ từ đầu;575.000.000 đ ;Toyota;Innova;2018;99000;Đã sử dụng;Tự động;Xăng;Đang cập nhật;Minivan (MPV);7;Bảo hành hãng;> 1 tấn;> 2 tấn
Mercedes C300 Plus sx 2014 siêu đẹp;499.000.000 đ ;Mercedes Benz;C Class;2014;90000;Đã sử dụng;Tự động;Xăng;Đang cập nhật;Sedan;5;Bảo hành hãng;> 1 tấn;> 2 tấn
Mẹc E200 2018 mới lắm ạ. Trả góp từ 250tr nhận xe;1.080.000.000 đ ;Mercedes Benz;E Class;2018;40000;Đã sử dụng;Tự động;Xăng;Việt Nam;Sedan;5;Bảo hành hãng;> 1 tấn;> 2 tấn
Kia Carnival Signature Dầu sx 2022 siêu đẹp;1.345.000.000 đ ;Kia;Carnival;2022;40000;Đã sử dụng;Tự động;Dầu;Việt Nam;SUV / Cross over;7;Bảo hành hãng;> 1 tấn;> 2 tấn
Mercedes Benz GLE Class GLE400 4Matic 2016 nhập Mỹ;1.199.000.000 đ ;Mercedes Benz;GLE Class;2016;94000;Đã sử dụng;Tự động;Xăng;Mỹ;SUV / Cross over;5;Bảo hành hãng;> 1 tấn;> 2 tấn
Mercedes A200 Model 2014 Nhập Đức 1 Chủ Biển Số SG;399.000.000 đ ;Mercedes Benz;A Class;2013;86000;Đã sử dụng;Tự động;Xăng;Đức;Hatchback;5;Bảo hành hãng;> 1 tấn;> 2 tấn
Kia Sorento full xăng sx 2018 siêu mới;610.000.000 đ ;Kia;Sorento;2018;50000;Đã sử dụng;Tự động;Dầu;Đang cập nhật;SUV / Cross over;7;Bảo hành hãng;> 1 tấn;> 2 tấn
Vinfast Lux A Plus 2021 - Màu đen - 4v2 km;595.000.000 đ ;Vinfast;Lux A2.0;2021;41998;Đã sử dụng;Tự động;Xăng;Việt Nam;Sedan;5;Bảo hành hãng;> 1 tấn;> 2 tấn
Mercedes E180 Model 2021 01 Chủ Biển SG Bank 85%;1.199.000.000 đ ;Mercedes Benz;E Class;2020;44000;Đã sử dụng;Tự động;Xăng;Việt Nam;Sedan;5;Bảo hành hãng;> 1 tấn;> 2 tấn
Ford Everest Titanium 2.0L 4x2 AT 2019 biển TP;790.000.000 đ ;Ford;Everest;2019;90000;Đã sử dụng;Tự động;Dầu;Thái Lan;SUV / Cross over;7;Bảo hành hãng;> 1 tấn;> 2 tấn
Honda Accord 2.4 2011 một chủ từ mới;355.000.000 đ ;Honda;Accord;2011;13000;Đã sử dụng;Tự động;Xăng;Đang cập nhật;Sedan;5;Bảo hành hãng;> 1 tấn;> 2 tấn
MAZDA 3 LUXURY 1.5AT SX2018 đưa trước;215.000.000 đ ;Mazda;3;2018;66000;Đã sử dụng;Tự động;Xăng;Việt Nam;Hatchback;5;Bảo hành hãng;> 1 tấn;> 2 tấn
Mercedes Benz GLE400 4Matic 1 chủ bác sĩ nổi tiếng;1.199.000.000 đ ;Mercedes Benz;GLE Class;2015;94000;Đã sử dụng;Tự động;Xăng;Mỹ;SUV / Cross over;5;Bảo hành hãng;> 1 tấn;> 2 tấn
Mercedes-Benz GLC 300 4Matic 2023 BAO BANK 90%;2.638.000.000 đ ;Mercedes Benz;GLC;2023;1500;Đã sử dụng;Tự động;Xăng;Việt Nam;SUV / Cross over;2;Bảo hành hãng;> 1 tấn;> 2 tấn
Vinfast Lux A Base 2022 - Màu đen - 2v6 km;599.000.000 đ ;Vinfast;Lux A2.0;2022;27000;Đã sử dụng;Tự động;Xăng;Việt Nam;Sedan;5;Bảo hành hãng;> 1 tấn;> 2 tấn
CIVIC G DATE CUỐI 2021, 18.000KM,BIỂN SG, CỰC MỚI;650.000.000 đ ;Honda;Civic;2021;18000;Đã sử dụng;5;Xăng;Thái Lan;Sedan;5;Bảo hành hãng;> 1 tấn;> 2 tấn
NEW3008 ALLURE SIÊU LƯỚT 17,000KM LIKENEW 99%;868.000.000 đ ;Peugeot;3008;2022;16000;Đã sử dụng;Tự động;Xăng;Việt Nam;SUV / Cross over;5;Bảo hành hãng;> 1 tấn;> 2 tấn
Mẹc C250 Exclusive 2017 dki 2018 trắng/kem cực đẹp;860.000.000 đ ;Mercedes Benz;C Class;2017;50000;Đã sử dụng;Tự động;Xăng;Việt Nam;Sedan;5;Bảo hành hãng;> 1 tấn;> 2 tấn
BMW 528i GT model 2017, lăn bánh 45.000 miles;1.150.000.000 đ ;BMW;Dòng khác;2017;45000;Đã sử dụng;Tự động;Xăng;Việt Nam;Sedan;4;Bảo hành hãng;> 1 tấn;> 2 tấn
Mercedes-Benz GLC300 2023 - XE DEMO CHÍNH HÃNG;2.739.000.000 đ ;Mercedes Benz;GLC Class;2023;2090;Đã sử dụng;Tự động;Xăng;Việt Nam;SUV / Cross over;5;Bảo hành hãng;> 1 tấn;> 2 tấn
SUZUKI SWIFT GLX 1.2AT 2021;499.000.000 đ ;Suzuki;Swift;2021;12500;Đã sử dụng;Tự động;Xăng;Thái Lan;Hatchback;5;Bảo hành hãng;> 1 tấn;> 2 tấn
Honda City Top 2017 cá nhân 1 chủ từ mới;395.000.000 đ ;Honda;City;2017;62000;Đã sử dụng;Tự động;Xăng;Đang cập nhật;Sedan;5;Bảo hành hãng;> 1 tấn;> 2 tấn
Toyota Fortuner máy dầu 2.5G AT sx 2020 model 2021;855.000.000 đ ;Toyota;Fortuner;2020;50000;Đã sử dụng;Tự động;Dầu;Đang cập nhật;SUV / Cross over;5;Bảo hành hãng;> 1 tấn;> 2 tấn
Ford Wildtrak 2.0bi 4x4 2020 Zin bao test hãng;715.000.000 đ ;Ford;Ranger;2020;26000;Đã sử dụng;Tự động;Dầu;Đang cập nhật;Pick-up (bán tải);5;Bảo hành hãng;> 1 tấn;> 2 tấn
Bán Focus 1.8MT sx2011 siêu mới;200.000.000 đ ;Ford;Focus;2011;81000;Đã sử dụng;Số sàn;Xăng;Đang cập nhật;Sedan;5;Bảo hành hãng;> 1 tấn;> 2 tấn
Porsche Macan 2015 đẹp nhất thị trường, xe cực mới;1.490.000.000 đ ;Porsche;Macan;2015;39000;Đã sử dụng;Tự động;Xăng;Đức;SUV / Cross over;5;Bảo hành hãng;> 1 tấn;> 2 tấn
Subaru Levorg 1.6 tubor 2016 xe cực chất;580.000.000 đ ;Subaru;Levorg;2016;96000;Đã sử dụng;Tự động;Xăng;Đang cập nhật;SUV / Cross over;5;Bảo hành hãng;> 1 tấn;> 2 tấn
MERCEDES BENZ GLC300 4MATIC CỰC ĐẸP;1.098.000.000 đ ;Mercedes Benz;GLC Class;2017;48000;Đã sử dụng;Tự động;Xăng;Đang cập nhật;SUV / Cross over;5;Bảo hành hãng;> 1 tấn;> 2 tấn
Kia Sedona 2.2D đời 2018-Dầu Full 1 chủ từ đầu;758.000.000 đ ;Kia;Sedona;2018;135000;Đã sử dụng;Tự động;Dầu;Đang cập nhật;Minivan (MPV);7;Bảo hành hãng;> 1 tấn;> 2 tấn
Kia Rondo 2.0 GAT 2020 Màu Đỏ Cực Hiếm;515.000.000 đ ;Kia;Rondo;2020;40000;Đã sử dụng;Tự động;Xăng;Việt Nam;Minivan (MPV);7;Bảo hành hãng;> 1 tấn;> 2 tấn
Bán Cerato 1.6at sx2018 rất mới;440.000.000 đ ;Kia;Cerato;2018;61000;Đã sử dụng;Tự động;Xăng;Đang cập nhật;Sedan;5;Bảo hành hãng;> 1 tấn;> 2 tấn
Lexus RX300 2021;2.830.000.000 đ ;Lexus;RX;2021;40000;Đã sử dụng;Tự động;Xăng;Nhật Bản;SUV / Cross over;5;Bảo hành hãng;> 1 tấn;> 2 tấn
Vinfast Fadil Plus 2022 - Màu đỏ - 1v7 km;335.000.000 đ ;Vinfast;Fadil;2022;17000;Đã sử dụng;Tự động;Xăng;Đang cập nhật;Hatchback;5;Bảo hành hãng;> 1 tấn;> 2 tấn
MERCEDES BENZ C250 NIGHT EDITION 2017;799.000.000 đ ;Mercedes Benz;C Class;2017;46000;Đã sử dụng;Tự động;Xăng;Đang cập nhật;Sedan;5;Bảo hành hãng;> 1 tấn;> 2 tấn
Hyundai Santafe 2.5 Xăng Cao Cấp 2021;995.000.000 đ ;Hyundai;Santa Fe;2021;30000;Đã sử dụng;Tự động;Xăng;Hàn Quốc;SUV / Cross over;7;Bảo hành hãng;> 1 tấn;> 2 tấn
BMW 520i đăng kí 2013 độ gần 100tr xe còn rất đẹp;545.000.000 đ ;BMW;5 Series;2012;60000;Đã sử dụng;Tự động;Xăng;Đức;Sedan;5;Bảo hành hãng;> 1 tấn;> 2 tấn
Mazda CX5 2.5 2016 máy 2.5, một cầu, odo 12.6 vạn;495.000.000 đ ;Mazda;CX 5;2016;12600;Đã sử dụng;Tự động;Xăng;Đang cập nhật;SUV / Cross over;5;Bảo hành hãng;> 1 tấn;> 2 tấn
Kia Rondo 2.0 GAT Deluxe 2020;525.000.000 đ ;Kia;Rondo;2020;28000;Đã sử dụng;Tự động;Xăng;Việt Nam;Minivan (MPV);5;Bảo hành hãng;> 1 tấn;> 2 tấn
Bán Ranger Limited AT 4x4;670.000.000 đ ;Ford;Ranger;2021;12000;Đã sử dụng;Tự động;Dầu;Việt Nam;Pick-up (bán tải);5;Bảo hành hãng;> 1 tấn;> 2 tấn
Mẹc E200 2017 mới lắm ạ. Trả góp từ 350tr nhận xe;1.090.000.000 đ ;Mercedes Benz;E Class;2017;39000;Đã sử dụng;Tự động;Xăng;Việt Nam;Sedan;5;Bảo hành hãng;> 1 tấn;> 2 tấn
Vinfast Lux A Base 2022 - Màu đỏ - 2v1km - BSTP;590.000.000 đ ;Vinfast;Lux A2.0;2022;21000;Đã sử dụng;Tự động;Xăng;Đang cập nhật;Sedan;5;Bảo hành hãng;> 1 tấn;> 2 tấn
Honda Civic 1.8 AT 2012 cực đẹp;315.000.000 đ ;Honda;Civic;2012;135000;Đã sử dụng;Tự động;Xăng;Đang cập nhật;Sedan;5;Bảo hành hãng;> 1 tấn;> 2 tấn
PEUGEOT NEW 3008 ALLURE 2022 SIÊU LƯỚT GIÁ YÊU;849.000.000 đ ;Peugeot;3008;2022;26000;Đã sử dụng;Tự động;Xăng;Việt Nam;SUV / Cross over;5;Bảo hành hãng;> 1 tấn;> 2 tấn
Toyota Corolla 1.6 XLi 2010 rất đẹp;340.000.000 đ ;Toyota;Corolla;2010;220000;Đã sử dụng;Tự động;Xăng;Nước khác;Sedan;5;Bảo hành hãng;> 1 tấn;> 2 tấn
Kia Morning 1.25 MT 2017 màu trắng;220.000.000 đ ;Kia;Morning;2017;83000;Đã sử dụng;Số sàn;Xăng;Việt Nam;Hatchback;5;Bảo hành hãng;> 1 tấn;> 2 tấn
HONADA CITY 1.5 TOP 2019 XE ĐẸP MÁY ZIN KHÔNG LỖI;415.000.000 đ ;Honda;City;2019;98000;Đã sử dụng;Tự động;Xăng;Việt Nam;Sedan;5;Bảo hành hãng;> 1 tấn;> 2 tấn
HONDA CIVIC 1.5RS CUỐI 2021, CHỈ 4.000KM, SIÊU MỚI;735.000.000 đ ;Honda;Civic;2021;4000;Đã sử dụng;5;Xăng;Thái Lan;Sedan;5;Bảo hành hãng;> 1 tấn;> 2 tấn
Mercedes Benz C Class C180 Đen/Kem Cực Đẹp;1.166.000.000 đ ;Mercedes Benz;C Class;2022;25000;Đã sử dụng;Tự động;Xăng;Đức;Sedan;5;Bảo hành hãng;> 1 tấn;> 2 tấn
Mercedes Maybach S400 T9.2017: XE CHẤT!;3.150.000.000 đ ;Mercedes Benz;Maybach;2016;45000;Đã sử dụng;Tự động;Xăng;Đức;Sedan;4;Bảo hành hãng;> 1 tấn;> 2 tấn
E200 Exclusive V1 / Xe Chạy Doanh Số Đại Lý;2.259.000.000 đ ;Mercedes Benz;E Class;2022;16;Đã sử dụng;Tự động;Xăng;Việt Nam;Sedan;5;Bảo hành hãng;> 1 tấn;> 2 tấn
MERCEDES BENZ GLC CLASS GLC300 AMG V1;2.369.000.000 đ ;Mercedes Benz;GLC Class;2022;175;Đã sử dụng;Tự động;Xăng;Việt Nam;SUV / Cross over;5;Bảo hành hãng;> 1 tấn;> 2 tấn
HYUNDAI SANTAFE 2017 Full dầu 1 chủ từ đầu;695.000.000 đ ;Hyundai;Santa Fe;2017;81000;Đã sử dụng;Tự động;Xăng;Đang cập nhật;SUV / Cross over;7;Bảo hành hãng;> 1 tấn;> 2 tấn
Kia Sedona Full xăng 2020 Siêu Đẹp;919.000.000 đ ;Kia;Sedona;2020;24000;Đã sử dụng;Tự động;Xăng;Việt Nam;Minivan (MPV);7;Bảo hành hãng;> 1 tấn;> 2 tấn
Mer GLC 250 4Matic AT 2018 cực đẹpTrả góp từ399tr;1.160.000.000 đ ;Mercedes Benz;GLC Class;2018;45000;Đã sử dụng;Tự động;Xăng;Việt Nam;SUV / Cross over;5;Bảo hành hãng;> 1 tấn;> 2 tấn
INNOVA 2.0E 2017 XE CÁ NHÂN 1 CHỦ KHÔNG KINH DOANH;448.000.000 đ ;Toyota;Innova;2017;88000;Đã sử dụng;Số sàn;Xăng;Việt Nam;Minivan (MPV);8;Bảo hành hãng;> 1 tấn;> 2 tấn
Chính Chủ Cần Bán - Mercedes Benz E300 AMG 2021;2.250.000.000 đ ;Mercedes Benz;E Class;2021;21700;Đã sử dụng;Tự động;Xăng;Việt Nam;Sedan;2;Bảo hành hãng;> 1 tấn;> 2 tấn
Bán Tải Ford Ranger Raptor 2019 chỉ 26.000km;880.000.000 đ ;Ford;Ranger;2019;26000;Đã sử dụng;Tự động;Xăng;Thái Lan;Pick-up (bán tải);5;Bảo hành hãng;> 1 tấn;> 2 tấn
LONGANHAUTO về Mercedes C200ex sx2021 siêu lướt😘;1.268.000.000 đ ;Mercedes Benz;C Class;2021;31000;Đã sử dụng;Tự động;Xăng;Đức;Sedan;5;Bảo hành hãng;> 1 tấn;> 2 tấn
Honda CRV 1.5L nhập 2018 màu trắng xe đẹp;750.000.000 đ ;Honda;CR V;2018;80000;Đã sử dụng;Tự động;Xăng;Thái Lan;SUV / Cross over;7;Bảo hành hãng;> 1 tấn;> 2 tấn
Ford Everest Titanium 4x4 2022 bản full kịch;1.135.000.000 đ ;Ford;Everest;2022;30000;Đã sử dụng;Tự động;Dầu;Thái Lan;SUV / Cross over;7;Bảo hành hãng;> 1 tấn;> 2 tấn
ACCENT 1.4MT BẢN FULL 2021 XE ĐẸP ZIN 100%;385.000.000 đ ;Hyundai;Accent;2021;34000;Đã sử dụng;Số sàn;Xăng;Việt Nam;Sedan;5;Bảo hành hãng;> 1 tấn;> 2 tấn
Bentley Flying Spur Speed Mode 2010 Xe Cọp!;2.500.000.000 đ ;Bentley;Flying Spur;2010;42000;Đã sử dụng;Tự động;Xăng;Nước khác;Sedan;5;Bảo hành hãng;> 1 tấn;> 2 tấn
Infiniti QX80 -5.6AT model 2015 bản full kịch đồ;2.680.000.000 đ ;Infiniti;QX80;2014;46000;Đã sử dụng;Tự động;Xăng;Nhật Bản;SUV / Cross over;6;Bảo hành hãng;> 1 tấn;> 2 tấn
INNOVA 2.0G 2020 XE CÁ NHÂN 1 CHỦ XE ĐẸP MÁY ZIN;628.000.000 đ ;Toyota;Innova;2020;82000;Đã sử dụng;Tự động;Xăng;Việt Nam;Minivan (MPV);8;Bảo hành hãng;> 1 tấn;> 2 tấn
Kia Cerato 2.0 Premium Siêu Lướt, Hỗ Trợ Bank 70%;545.000.000 đ ;Kia;Cerato;2021;28000;Đã sử dụng;Tự động;Xăng;Việt Nam;Sedan;5;Bảo hành hãng;> 1 tấn;> 2 tấn
Land Cruiser Prado 2.7L sản xuất 2007 ĐKLĐ 2008;488.000.000 đ ;Toyota;Land Cruiser Prado;2007;170000;Đã sử dụng;Tự động;Xăng;Nhật Bản;SUV / Cross over;8;Bảo hành hãng;> 1 tấn;> 2 tấn
RANGER XLS TURBO DIESEL 2.2 MT Nhập Khẩu;478.000.000 đ ;Ford;Ranger;2020;70000;Đã sử dụng;Số sàn;Dầu;Thái Lan;Pick-up (bán tải);5;Bảo hành hãng;> 1 tấn;> 2 tấn
Toyota Corolla Cross V 2022 TP bảo Hành ToyotaSure;810.000.000 đ ;Toyota;Corolla Cross;2022;2000;Đã sử dụng;Tự động;Xăng;Thái Lan;SUV / Cross over;5;Bảo hành hãng;> 1 tấn;> 2 tấn
MERCEDES BENZ GLC CLASS GLC300 V1 XE LƯỚT 900 km;2.290.000.000 đ ;Mercedes Benz;GLC Class;2022;1939;Đã sử dụng;Tự động;Xăng;Việt Nam;SUV / Cross over;5;Bảo hành hãng;> 1 tấn;> 2 tấn
Bán Corolla Cross G 2021 Bảo Hành ToyotaSure;685.000.000 đ ;Toyota;Corolla Cross;2021;20000;Đã sử dụng;5;Xăng;Thái Lan;SUV / Cross over;5;Bảo hành hãng;> 1 tấn;> 2 tấn
Mercedes E300 AMG T3.2018;1.330.000.000 đ ;Mercedes Benz;E Class;2018;47000;Đã sử dụng;Tự động;Xăng;Việt Nam;Sedan;5;Bảo hành hãng;> 1 tấn;> 2 tấn
Mazda 3 Sport 2.0 Premium bản cao cấp nhất;699.000.000 đ ;Mazda;3;2021;20000;Đã sử dụng;Tự động;Xăng;Việt Nam;Hatchback;5;Bảo hành hãng;> 1 tấn;> 2 tấn
Fortuner 2.7AT, máy xăng sx cuối 2015, một chủ cty;480.000.000 đ ;Toyota;Fortuner;2015;90000;Đã sử dụng;Tự động;Xăng;Đang cập nhật;SUV / Cross over;7;Bảo hành hãng;> 1 tấn;> 2 tấn
Hyundai Santafe MLX 2.0L 2009 màu bạc;399.000.000 đ ;Hyundai;Santa Fe;2009;150000;Đã sử dụng;Tự động;Dầu;Hàn Quốc;SUV / Cross over;7;Bảo hành hãng;> 1 tấn;> 2 tấn
GLC 300 4Matic AT 2018 đk 2019 cực đẹp Có trả góp;1.190.000.000 đ ;Mercedes Benz;GLC Class;2018;60000;Đã sử dụng;Tự động;Xăng;Việt Nam;SUV / Cross over;5;Bảo hành hãng;> 1 tấn;> 2 tấn
Mazda Cx5 2.0AT Luxury 2023;775.000.000 đ ;Mazda;CX 5;2023;8600;Đã sử dụng;Tự động;Xăng;Việt Nam;SUV / Cross over;5;Bảo hành hãng;> 1 tấn;> 2 tấn
Range Rover Autobiography bản 4 ghế vip Model 2014;2.800.000.000 đ ;LandRover;Range Rover;2014;50000;Đã sử dụng;Tự động;Xăng;Đang cập nhật;SUV / Cross over;8;Bảo hành hãng;> 1 tấn;> 2 tấn
MERCEDES BENZ GLC CLASS GLC300 AMG V1 - XE DEMO;2.299.000.000 đ ;Mercedes Benz;GLC Class;2022;900;Đã sử dụng;Tự động;Xăng;Việt Nam;SUV / Cross over;5;Bảo hành hãng;> 1 tấn;> 2 tấn
MERCESES GLE400 4MATIC MODEL 2016 SIÊU ĐẸP;1.199.000.000 đ ;Mercedes Benz;GLE Class;2016;94000;Đã sử dụng;Tự động;Xăng;Đang cập nhật;SUV / Cross over;5;Bảo hành hãng;> 1 tấn;> 2 tấn
HYUNDAI SANTAFE 7 CHỖ FULL XĂNG XE ĐẸP GIÁ RẺ;849.000.000 đ ;Hyundai;Santa Fe;2020;39000;Đã sử dụng;Tự động;Xăng;Việt Nam;SUV / Cross over;7;Bảo hành hãng;> 1 tấn;> 2 tấn
Lexus LS500 Siêu lướt trên thị trường model 2022;5.799.000.000 đ ;Lexus;LS;2021;16000;Đã sử dụng;Tự động;Xăng;Nhật Bản;Sedan;5;Bảo hành hãng;> 1 tấn;> 2 tấn
Lexus ES250 Model 2023 SIÊU LƯỚT 5.000km;2.300.000.000 đ ;Lexus;ES;2022;5000;Đã sử dụng;Tự động;Xăng;Nhật Bản;Sedan;5;Bảo hành hãng;> 1 tấn;> 2 tấn
GRAND I10 1.2AT 2020 1 ĐỜI CHỦ XE ĐẸP MÁY ZIN 100%;339.000.000 đ ;Hyundai;Grand i10;2020;58000;Đã sử dụng;Tự động;Xăng;Việt Nam;Sedan;5;Bảo hành hãng;> 1 tấn;> 2 tấn
AMG GT53 Faceflift v1- xe Lướt chính hãng thanh ly;6.200.000.000 đ ;Mercedes Benz;GT Coupe;2022;798;Đã sử dụng;Tự động;Xăng;Đức;Sedan;5;Bảo hành hãng;> 1 tấn;> 2 tấn
Fortuner 2.4G 4x2 sx 2020 máy dầu 1 cầu màu đen;910.000.000 đ ;Toyota;Fortuner;2020;50000;Đã sử dụng;Tự động;Dầu;Việt Nam;SUV / Cross over;7;Bảo hành hãng;> 1 tấn;> 2 tấn
LONGANHAUTO về Mercedes E300 model 2017 siêu lướt😍;1.268.000.000 đ ;Mercedes Benz;E Class;2016;66000;Đã sử dụng;Tự động;Xăng;Đức;Sedan;5;Bảo hành hãng;> 1 tấn;> 2 tấn
Peugeot 3008 Allure Sản Xuất 2021 Cực Mới;799.000.000 đ ;Peugeot;3008;2021;37000;Đã sử dụng;Tự động;Xăng;Việt Nam;SUV / Cross over;5;Bảo hành hãng;> 1 tấn;> 2 tấn
ban Huyndai alentra 2.0 sx 2017 siêu mới;430.000.000 đ ;Hyundai;Elantra;2017;67000;Đã sử dụng;Tự động;Xăng;Đang cập nhật;Sedan;5;Bảo hành hãng;> 1 tấn;> 2 tấn
LONGANHAUTO về Mercedes C300 AMG sx2016 siêu đẹp😍;888.000.000 đ ;Mercedes Benz;C Class;2016;60000;Đã sử dụng;Tự động;Xăng;Đức;Sedan;5;Bảo hành hãng;> 1 tấn;> 2 tấn
Mercedes C300 AMG 2017 Up Body C63 Siêu Hot;968.000.000 đ ;Mercedes Benz;C Class;2017;89000;Đã sử dụng;Tự động;Xăng;Việt Nam;Sedan;5;Bảo hành hãng;> 1 tấn;> 2 tấn
✅ Mazda cx5 sx 2017 2.5 AT đi 7v km siêu mới;560.000.000 đ ;Mazda;CX 5;2017;70000;Đã sử dụng;Tự động;Xăng;Đang cập nhật;SUV / Cross over;5;Bảo hành hãng;> 1 tấn;> 2 tấn
LONGANHAUTO về Mercedes C300 AMG sx2019 siêu lướt😘;1.199.000.000 đ ;Mercedes Benz;C Class;2019;50000;Đã sử dụng;Tự động;Xăng;Đức;Sedan;5;Bảo hành hãng;> 1 tấn;> 2 tấn
Vios 2020 MT đen cực chất;400.000.000 đ ;Toyota;Vios;2020;64000;Đã sử dụng;Số sàn;Xăng;Đang cập nhật;Sedan;5;Bảo hành hãng;> 1 tấn;> 2 tấn
BMW X1 Sdrive18i sx 2018 màu đỏ sao hoả xuất sắc;926.000.000 đ ;BMW;X1;2018;28000;Đã sử dụng;Tự động;Xăng;Đức;SUV / Cross over;5;Bảo hành hãng;> 1 tấn;> 2 tấn
Hãng bán Ford Ecosport Titanium 2020 chạy ít có BH;468.000.000 đ ;Ford;EcoSport;2020;35000;Đã sử dụng;Tự động;Xăng;Việt Nam;SUV / Cross over;5;Bảo hành hãng;> 1 tấn;> 2 tấn
__️ Porsche Macan GTS model 2017 🏎️;2.090.000.000 đ ;Porsche;Macan;2017;65000;Đã sử dụng;Bán tự động;Xăng;Đang cập nhật;SUV / Cross over;5;Bảo hành hãng;> 1 tấn;> 2 tấn
Mazda 2 nhập khẩu 2019 màu đỏ biển HN siêu đẹp;399.000.000 đ ;Mazda;2;2019;80000;Đã sử dụng;Tự động;Xăng;Thái Lan;Hatchback;5;Bảo hành hãng;> 1 tấn;> 2 tấn
Chevrolet Camaro 2 Cửa Model 2018 Siêu Hiếm;1.968.000.000 đ ;Chevrolet;Camaro;2017;23000;Đã sử dụng;Tự động;Xăng;Mỹ;Coupe (2 cửa);4;Bảo hành hãng;> 1 tấn;> 2 tấn
Hãng bán FORD ECOSPORT TITANIUM 2018 biển SG 1 chủ;435.000.000 đ ;Ford;EcoSport;2018;16000;Đã sử dụng;Tự động;Xăng;Việt Nam;SUV / Cross over;5;Bảo hành hãng;> 1 tấn;> 2 tấn
GLC300 2023 SIÊU LƯỚT CHÍNH HÃNG - THANH LÝ;2.719.000.000 đ ;Mercedes Benz;GLC Class;2023;3000;Đã sử dụng;Tự động;Xăng;Việt Nam;SUV / Cross over;5;Bảo hành hãng;> 1 tấn;> 2 tấn
Mercedes C200 Avantgarde Plus 2022 Trưng Bày Hãng;1.689.000.000 đ ;Mercedes Benz;C Class;2022;30;Đã sử dụng;Tự động;Xăng;Việt Nam;Sedan;5;Bảo hành hãng;> 1 tấn;> 2 tấn
Grand i10 2020 MT trắng biển tỉnh odo 6v9;320.000.000 đ ;Hyundai;Grand i10;2020;69000;Đã sử dụng;Số sàn;Xăng;Đang cập nhật;Sedan;5;Bảo hành hãng;> 1 tấn;> 2 tấn
Suzuki Swift tiền độ gần 200 triệu Model 2016;329.000.000 đ ;Suzuki;Swift;2015;26000;Đã sử dụng;Tự động;Xăng;Việt Nam;Hatchback;5;Bảo hành hãng;> 1 tấn;> 2 tấn
Limousin 10 chỗ cá nhân sử dụng không kinh doanh;560.000.000 đ ;Ford;Transit;2016;45000;Đã sử dụng;Số sàn;Dầu;Việt Nam;Minivan (MPV);16;Bảo hành hãng;> 1 tấn;> 2 tấn
Accent 2019 AT đen biển tỉnh odo 5v2;410.000.000 đ ;Hyundai;Accent;2019;52000;Đã sử dụng;Tự động;Xăng;Đang cập nhật;Sedan;5;Bảo hành hãng;> 1 tấn;> 2 tấn
MG5 model 2023 bản Full nhập khẩu Thái Lan;415.000.000 đ ;MG;5;2022;30000;Đã sử dụng;Tự động;Xăng;Thái Lan;Sedan;5;Bảo hành hãng;> 1 tấn;> 2 tấn
MercedesBenz GLC200 4MATIC V1 Trưng Bày Chính Hãng;1.950.000.000 đ ;Mercedes Benz;GLC Class;2022;20;Đã sử dụng;Tự động;Xăng;Việt Nam;SUV / Cross over;5;Bảo hành hãng;> 1 tấn;> 2 tấn
GLC200 4Matic X254 - Xe Lướt Chính Hãng Thanh Lý;2.150.000.000 đ ;Mercedes Benz;GLC;2023;1500;Đã sử dụng;Tự động;Xăng;Việt Nam;SUV / Cross over;5;Bảo hành hãng;> 1 tấn;> 2 tấn
Hyundai Genesis Coupe màu vàng modle 2013;459.000.000 đ ;Hyundai;Genesis;2012;1;Đã sử dụng;Tự động;Xăng;Nhật Bản;Coupe (2 cửa);4;Bảo hành hãng;> 1 tấn;> 2 tấn
INNOVA 2016 SỐ SÀN.XE BAO ĐÚNG CHẤT SAI TẶNG XE;365.000.000 đ ;Toyota;Innova;2016;162000;Đã sử dụng;Số sàn;Xăng;Đang cập nhật;Minivan (MPV);8;Bảo hành hãng;> 1 tấn;> 2 tấn
Mercedes C200 Avantgarde Plus 2022 Trưng Bày Hãng;1.690.000.000 đ ;Mercedes Benz;C Class;2022;30;Đã sử dụng;Tự động;Xăng;Việt Nam;Sedan;5;Bảo hành hãng;> 1 tấn;> 2 tấn
Xpander 2019 1.5 số sàn biển phố;455.000.000 đ ;Mitsubishi;Xpander;2019;78000;Đã sử dụng;Số sàn;Xăng;Đang cập nhật;Minivan (MPV);5;Bảo hành hãng;> 1 tấn;> 2 tấn
Bán xe Lexus LS 460L model 2014;1.999.000.000 đ ;Lexus;LS;2013;1;Đã sử dụng;Tự động;Xăng;Nhật Bản;Sedan;5;Bảo hành hãng;> 1 tấn;> 2 tấn
"Hyundai Elantra 1.6 AT 2021- sedan hạng C ""tốt""";520.000.000 đ ;Hyundai;Elantra;2021;35000;Đã sử dụng;Tự động;Xăng;Việt Nam;Sedan;5;Bảo hành hãng;> 1 tấn;> 2 tấn
CHÍNH HÃNG THAY LÝ C200 Avantgarde Plus v1;1.730.000.000 đ ;Mercedes Benz;C Class;2022;12;Đã sử dụng;Tự động;Xăng;Việt Nam;Sedan;5;Bảo hành hãng;> 1 tấn;> 2 tấn
Cần Bán Landcruiser Prado 2017;1.419.000.000 đ ;Toyota;Land Cruiser Prado;2017;80000;Đã sử dụng;Tự động;Xăng;Nhật Bản;SUV / Cross over;7;Bảo hành hãng;> 1 tấn;> 2 tấn
Fortuner 2.7V 4x2 sx 2017 màu trắng tìm chủ;715.000.000 đ ;Toyota;Fortuner;2017;68000;Đã sử dụng;Tự động;Xăng;Việt Nam;SUV / Cross over;7;Bảo hành hãng;> 1 tấn;> 2 tấn
Kia Seltos 1.4 Luxury 2020 Biển TP, BH 12 Tháng;565.000.000 đ ;Kia;Seltos;2020;43000;Đã sử dụng;5;Xăng;Việt Nam;SUV / Cross over;5;Bảo hành hãng;> 1 tấn;> 2 tấn
PEUGEOT 3008 ALLURE SX2019 XE ĐẸP KHÔNG LỖI NHỎ;688.000.000 đ ;Peugeot;3008;2019;35000;Đã sử dụng;Tự động;Xăng;Việt Nam;SUV / Cross over;5;Bảo hành hãng;> 1 tấn;> 2 tấn
LONGANHAUTO về Mercedes C300 sx2018 siêu lướt😘;1.099.000.000 đ ;Mercedes Benz;C Class;2018;43000;Đã sử dụng;Tự động;Xăng;Đức;Sedan;5;Bảo hành hãng;> 1 tấn;> 2 tấn
MercedesBenz GLC300 4MATIC V1 Trưng Bày Chính Hãng;2.260.000.000 đ ;Mercedes Benz;GLC Class;2022;30;Đã sử dụng;Tự động;Xăng;Việt Nam;SUV / Cross over;7;Bảo hành hãng;> 1 tấn;> 2 tấn
Avante số tự động Đki 1/2013 nhập khẩu;289.000.000 đ ;Hyundai;Avante;2013;86000;Đã sử dụng;Tự động;Xăng;Đang cập nhật;Sedan;5;Bảo hành hãng;> 1 tấn;> 2 tấn
Vinfast VF9 Plus sx 2023 siêu lướt màu xám titan;1.238.000.000 đ ;Vinfast;VF9;2023;8600;Đã sử dụng;Tự động;Xăng;Việt Nam;SUV / Cross over;7;Bảo hành hãng;> 1 tấn;> 2 tấn
Honda City G 1.5AT 2022 -Đời cao,lên nhiều đồ chơi;455.000.000 đ ;Honda;City;2022;50000;Đã sử dụng;Tự động;Xăng;Đang cập nhật;Sedan;5;Bảo hành hãng;> 1 tấn;> 2 tấn
Mercedes E200 sx 2015 màu trắng biển HN;665.000.000 đ ;Mercedes Benz;E Class;2015;100000;Đã sử dụng;Tự động;Xăng;Việt Nam;Sedan;5;Bảo hành hãng;> 1 tấn;> 2 tấn
Hãng Ford bán Explorer 2022 đk 2023 Odo 16.700km;2.100.000.000 đ ;Ford;Explorer;2022;16700;Đã sử dụng;Tự động;Xăng;Mỹ;SUV / Cross over;7;Bảo hành hãng;> 1 tấn;> 2 tấn
cần Bán Mercedes E200 Model 2017;999.000.000 đ ;Mercedes Benz;E Class;2016;36000;Đã sử dụng;Tự động;Xăng;Việt Nam;Sedan;5;Bảo hành hãng;> 1 tấn;> 2 tấn
Cần Bán Xe Volvo S60 Model 2022;1.279.000.000 đ ;Volvo;S60;2021;19000;Đã sử dụng;Tự động;Xăng;Nước khác;Sedan;5;Bảo hành hãng;> 1 tấn;> 2 tấn
Mercedes Benz C Class C200 Avantgarde 2022 XE DEMO;1.639.000.000 đ ;Mercedes Benz;C Class;2022;120;Đã sử dụng;Tự động;Xăng;Việt Nam;Sedan;5;Bảo hành hãng;> 1 tấn;> 2 tấn
ACCENT ATH 2022 đi 2,4 vạn sơn zin 100%;479.000.000 đ ;Hyundai;Accent;2022;24000;Đã sử dụng;Tự động;Xăng;Việt Nam;Sedan;2;Bảo hành hãng;> 1 tấn;> 2 tấn
KIA CARNIVAL SIGNATUR 2021 MÁY DẦU 7GHẾ CAO CẤP;1.320.000.000 đ ;Kia;Carnival;2021;39000;Đã sử dụng;Tự động;Dầu;Việt Nam;Minivan (MPV);7;Bảo hành hãng;> 1 tấn;> 2 tấn
Triton 2.5 Mivec Premium;595.000.000 đ ;Mitsubishi;Triton;2022;28000;Đã sử dụng;Tự động;Dầu;Thái Lan;Pick-up (bán tải);2;Bảo hành hãng;> 1 tấn;> 2 tấn
Mercedes Benz S Class S400L Model 2018;1.599.000.000 đ ;Mercedes Benz;S Class;2017;46000;Đã sử dụng;Tự động;Xăng;Việt Nam;Sedan;5;Bảo hành hãng;> 1 tấn;> 2 tấn
Toyota innova Ventuner 2019 số tự động êm ái;565.000.000 đ ;Toyota;Innova;2019;50000;Đã sử dụng;Tự động;Xăng;Việt Nam;Minivan (MPV);7;Bảo hành hãng;> 1 tấn;> 2 tấn
KIA CARENS 1.5G Base 2023;620.000.000 đ ;Kia;Carens;2023;6600;Đã sử dụng;Tự động;Xăng;Việt Nam;SUV / Cross over;7;Bảo hành hãng;> 1 tấn;> 2 tấn
Hyundai Accent bản Đặc Biệt 2022 như mới;490.000.000 đ ;Hyundai;Accent;2022;15000;Đã sử dụng;Tự động;Xăng;Việt Nam;Sedan;4;Bảo hành hãng;> 1 tấn;> 2 tấn
Ranger wildtrack 3.2 4*4 2016;515.000.000 đ ;Ford;Ranger;2016;85000;Đã sử dụng;Tự động;Dầu;Thái Lan;Pick-up (bán tải);5;Bảo hành hãng;> 1 tấn;> 2 tấn
Hãng Ford bán EVEREST TITANIUM 2 Cầu biển SG 1 chủ;979.000.000 đ ;Ford;Everest;2020;24000;Đã sử dụng;Tự động;Dầu;Thái Lan;SUV / Cross over;7;Bảo hành hãng;> 1 tấn;> 2 tấn
Honda City Top 2018 bản Full đi êm ái;365.000.000 đ ;Honda;City;2018;50000;Đã sử dụng;Tự động;Xăng;Việt Nam;Sedan;5;Bảo hành hãng;> 1 tấn;> 2 tấn
Kia K3 GT 1.6Turbo siêu hiếm màu xanh cavasite;668.000.000 đ ;Kia;K3;2022;30000;Đã sử dụng;Tự động;Xăng;Việt Nam;Sedan;5;Bảo hành hãng;> 1 tấn;> 2 tấn
XPANDER 2021 1.5 AT XE GIA ĐÌNH SỬ DỤNG;548.000.000 đ ;Mitsubishi;Xpander;2021;28000;Đã sử dụng;Tự động;Xăng;Đang cập nhật;Minivan (MPV);7;Bảo hành hãng;> 1 tấn;> 2 tấn
Vios bản E 2020 số tự động;440.000.000 đ ;Toyota;Vios;2020;40000;Đã sử dụng;5;Xăng;Đang cập nhật;Sedan;5;Bảo hành hãng;> 1 tấn;> 2 tấn
Accent 2022 AT siêu lướt 9500km;465.000.000 đ ;Hyundai;Accent;2022;9500;Đã sử dụng;Tự động;Xăng;Đang cập nhật;Sedan;2;Bảo hành hãng;> 1 tấn;> 2 tấn
__𝐞𝐫𝐜𝐞𝐝𝐞𝐬 𝐁𝐞𝐧𝐳 𝐆𝐋𝐂𝟑𝟎𝟎 𝐒𝐱𝟐𝟎𝟏𝟕 𝐒𝐢𝐞̂𝐮 𝐌𝐨̛́𝐢 .;1.099.000.000 đ ;Mercedes Benz;GLC Class;2017;68000;Đã sử dụng;Tự động;Xăng;Đức;SUV / Cross over;5;Bảo hành hãng;> 1 tấn;> 2 tấn
Toyota Innova 2.0E MT (số sàn) 2018 màu bạc;499.000.000 đ ;Toyota;Innova;2018;100000;Đã sử dụng;Số sàn;Xăng;Đang cập nhật;Minivan (MPV);8;Bảo hành hãng;> 1 tấn;> 2 tấn
__Mazda Cx5 2.0 pre 2022 siêu mới tư nhân chính chủ;795.000.000 đ ;Mazda;CX 5;2022;22000;Đã sử dụng;Tự động;Xăng;Đang cập nhật;SUV / Cross over;5;Bảo hành hãng;> 1 tấn;> 2 tấn
Mercedes Benz GLB35 AMG V1 2022 Bao Sang Tên;2.620.000.000 đ ;Mercedes Benz;GLB;2022;30;Đã sử dụng;Tự động;Xăng;Việt Nam;SUV / Cross over;7;Bảo hành hãng;> 1 tấn;> 2 tấn
Mercedes Maybach S450 4matic model 2018;4.390.000.000 đ ;Mercedes Benz;S Class;2018;19000;Đã sử dụng;Tự động;Xăng;Đang cập nhật;Sedan;5;Bảo hành hãng;> 1 tấn;> 2 tấn
Cần Bán Mercedes C300 AMG Model 2020;1.199.000.000 đ ;Mercedes Benz;C Class;2019;27000;Đã sử dụng;Tự động;Xăng;Việt Nam;Sedan;5;Bảo hành hãng;> 1 tấn;> 2 tấn
Hyundai i10 2020 màu trắng siêu mới;265.000.000 đ ;Hyundai;Grand i10;2020;30000;Đã sử dụng;Số sàn;Xăng;Việt Nam;Sedan;5;Bảo hành hãng;> 1 tấn;> 2 tấn
Mercedes Benz GLE43 4 Matic Model 2019;2.399.000.000 đ ;Mercedes Benz;GLE Class;2018;24000;Đã sử dụng;Tự động;Xăng;Đức;SUV / Cross over;5;Bảo hành hãng;> 1 tấn;> 2 tấn
Corola Croos 1.8G 2022 màu trắng;720.000.000 đ ;Toyota;Corolla Cross;2022;17899;Đã sử dụng;Tự động;Xăng;Thái Lan;SUV / Cross over;5;Bảo hành hãng;> 1 tấn;> 2 tấn
Ranger xls 2.2 AT 2021;568.000.000 đ ;Ford;Ranger;2021;32000;Đã sử dụng;Tự động;Dầu;Thái Lan;Pick-up (bán tải);5;Bảo hành hãng;> 1 tấn;> 2 tấn
WILDTRAK 2020 BI TURBO LƯỚT 26000KM;715.000.000 đ ;Ford;Ranger;2020;26000;Đã sử dụng;Tự động;Dầu;Thái Lan;Pick-up (bán tải);5;Bảo hành hãng;> 1 tấn;> 2 tấn
SUZUKI SWIFT NHẬP THAILAND XE GIA ĐÌNH GIÁ RẺ;439.000.000 đ ;Suzuki;Swift;2019;30000;Đã sử dụng;Tự động;Xăng;Thái Lan;Hatchback;5;Bảo hành hãng;> 1 tấn;> 2 tấn
Hyundai Accent 2019 AT đen biển phố;415.000.000 đ ;Hyundai;Accent;2019;44000;Đã sử dụng;Tự động;Xăng;Đang cập nhật;Sedan;5;Bảo hành hãng;> 1 tấn;> 2 tấn
Hyundai Grand I10 1.0AT 2016 màu đỏ;295.000.000 đ ;Hyundai;Grand i10;2016;690000;Đã sử dụng;Tự động;Xăng;Việt Nam;Hatchback;5;Bảo hành hãng;> 1 tấn;> 2 tấn
Mercedes Benz E180 2022 Bao Sang Tên Xe BH Hãng;1.750.000.000 đ ;Mercedes Benz;E Class;2022;30;Đã sử dụng;Tự động;Xăng;Việt Nam;Sedan;4;Bảo hành hãng;> 1 tấn;> 2 tấn
Cần Bán Mercedes C300 AMG Model 2020;1.239.000.000 đ ;Mercedes Benz;AMG;2019;30000;Đã sử dụng;Tự động;Xăng;Việt Nam;Sedan;5;Bảo hành hãng;> 1 tấn;> 2 tấn
LONGANHAUTO về Mini Cooper LCI sx2018 siêu lướt😍;1.199.000.000 đ ;Mini;Cooper;2018;34000;Đã sử dụng;Tự động;Xăng;Nước khác;Sedan;5;Bảo hành hãng;> 1 tấn;> 2 tấn
Mazda 3 sản xuất 2017 facelift, màu xanh, máy xăng;450.000.000 đ ;Mazda;3;2017;55000;Đã sử dụng;Tự động;Xăng;Đang cập nhật;Sedan;5;Bảo hành hãng;> 1 tấn;> 2 tấn
Hãng bán Ford Ranger XLS AT Form mới XHĐ đủ 2022;609.000.000 đ ;Ford;Ranger;2022;18000;Đã sử dụng;Tự động;Dầu;Việt Nam;Pick-up (bán tải);2;Bảo hành hãng;> 1 tấn;> 2 tấn
Mercedes Benz C300 AMG Sx2019;1.199.000.000 đ ;Mercedes Benz;C Class;2019;60000;Đã sử dụng;Tự động;Xăng;Đức;Sedan;5;Bảo hành hãng;> 1 tấn;> 2 tấn
Lexus IS250C up Model 2019 giá siêu rẻ;819.000.000 đ ;Lexus;IS;2009;70000;Đã sử dụng;Tự động;Xăng;Nhật Bản;Mui trần;4;Bảo hành hãng;> 1 tấn;> 2 tấn
Nissan Navara 2.5AT 2WD(EL)2020-Máy dầu,nhập Thái;475.000.000 đ ;Nissan;Navara;2020;75000;Đã sử dụng;Tự động;Dầu;Thái Lan;Pick-up (bán tải);5;Bảo hành hãng;> 1 tấn;> 2 tấn
Hãng Ford bán Everest Titanium 2021 Odo 35.000km;950.000.000 đ ;Ford;Everest;2021;35000;Đã sử dụng;Tự động;Dầu;Thái Lan;SUV / Cross over;7;Bảo hành hãng;> 1 tấn;> 2 tấn
Ford Everest Tatinium 4x4 sx 2023 siêu lướt;1.468.000.000 đ ;Ford;Everest;2023;12680;Đã sử dụng;Tự động;Dầu;Thái Lan;SUV / Cross over;8;Bảo hành hãng;> 1 tấn;> 2 tấn
__ Forte sx 2012 model 2013, tư nhân chính chủ;335.000.000 đ ;Kia;Forte;2012;130000;Đã sử dụng;Tự động;Xăng;Đang cập nhật;Sedan;5;Bảo hành hãng;> 1 tấn;> 2 tấn
Hyundai grand I10 bản full sản xuất 2019;338.000.000 đ ;Hyundai;Grand i10;2019;30000;Đã sử dụng;Tự động;Xăng;Đang cập nhật;Hatchback;5;Bảo hành hãng;> 1 tấn;> 2 tấn
lux a premium 2019 đi 1.6v km;599.000.000 đ ;Vinfast;Lux A2.0;2019;16112;Đã sử dụng;Tự động;Xăng;Việt Nam;Sedan;5;Bảo hành hãng;> 1 tấn;> 2 tấn
Bentley Mulsanne Model 2012;5.999.000.000 đ ;Bentley;Mulsanne;2011;42000;Đã sử dụng;Tự động;Xăng;Nước khác;Sedan;5;Bảo hành hãng;> 1 tấn;> 2 tấn
Toyota Corolla Altis sx 2009 bản 1.8G AT đẹp zin;325.000.000 đ ;Toyota;Corolla Altis;2009;120000;Đã sử dụng;Tự động;Xăng;Đang cập nhật;Sedan;5;Bảo hành hãng;> 1 tấn;> 2 tấn
Hyundai Kona 2.0 ATH 2021 màu đỏ;565.000.000 đ ;Hyundai;Kona;2021;30000;Đã sử dụng;Tự động;Xăng;Việt Nam;SUV / Cross over;5;Bảo hành hãng;> 1 tấn;> 2 tấn
Elantra 2019 MT đen biển phố;404.000.000 đ ;Hyundai;Elantra;2019;65000;Đã sử dụng;Số sàn;Xăng;Đang cập nhật;Sedan;5;Bảo hành hãng;> 1 tấn;> 2 tấn
Mercedes Benz GLA Class 250 4Matic 2015 Facelift;699.000.000 đ ;Mercedes Benz;GLA Class;2015;70000;Đã sử dụng;Bán tự động;Xăng;Đức;SUV / Cross over;5;Bảo hành hãng;> 1 tấn;> 2 tấn
Toyota Camry 2.4G Sản xuất dk 2011 đỉnh cao;430.000.000 đ ;Toyota;Camry;2011;98000;Đã sử dụng;Tự động;Xăng;Việt Nam;Sedan;5;Bảo hành hãng;> 1 tấn;> 2 tấn
__󠁧󠁢󠁥󠁮󠁧󠁿RANGE ROVER AUTOBIOGRAPHY 5 2014 🏴󠁧󠁢󠁥󠁮󠁧󠁿;2.980.000.000 đ ;LandRover;Range Rover;2014;69390;Đã sử dụng;Tự động;Xăng;Đang cập nhật;SUV / Cross over;8;Bảo hành hãng;> 1 tấn;> 2 tấn
XPANDER PREMIUM 2022 ĐẸP XUẤT SẮC;587.000.000 đ ;Mitsubishi;Xpander;2022;25000;Đã sử dụng;Tự động;Xăng;Đang cập nhật;Minivan (MPV);7;Bảo hành hãng;> 1 tấn;> 2 tấn
Wildtrack 2.0 bi 4*4 2020;645.000.000 đ ;Ford;Ranger;2020;56000;Đã sử dụng;Tự động;Dầu;Thái Lan;Pick-up (bán tải);5;Bảo hành hãng;> 1 tấn;> 2 tấn
PEUGEOT NEW 3008GT SX2022 FULL OPTION GIÁ RẺ;899.000.000 đ ;Peugeot;3008;2022;24800;Đã sử dụng;Tự động;Xăng;Việt Nam;SUV / Cross over;5;Bảo hành hãng;> 1 tấn;> 2 tấn
Yaris 1.3AT sx cuối 2009 đk 2010 nhập Nhật;265.000.000 đ ;Toyota;Yaris;2009;100000;Đã sử dụng;Tự động;Xăng;Nhật Bản;Hatchback;5;Bảo hành hãng;> 1 tấn;> 2 tấn
Ford Escape Sản xuất 2008 Chính chủ sử dụng;189.000.000 đ ;Ford;Escape;2008;100000;Đã sử dụng;Tự động;Xăng;Đang cập nhật;SUV / Cross over;5;Bảo hành hãng;> 1 tấn;> 2 tấn
Ford Focus 2015 số tự động siêu cọp;315.000.000 đ ;Ford;Focus;2015;50000;Đã sử dụng;Tự động;Xăng;Việt Nam;Hatchback;5;Bảo hành hãng;> 1 tấn;> 2 tấn
Hyundai Elantra 2.0AT 2019 -Odo 3v9,có cửa sổ trời;475.000.000 đ ;Hyundai;Elantra;2019;39000;Đã sử dụng;Tự động;Xăng;Đang cập nhật;Sedan;5;Bảo hành hãng;> 1 tấn;> 2 tấn
Hãng Ford bán Ranger Limited 4x4Thái 2021 Odo 9000;662.000.000 đ ;Ford;Ranger;2021;9000;Đã sử dụng;Tự động;Dầu;Thái Lan;Pick-up (bán tải);5;Bảo hành hãng;> 1 tấn;> 2 tấn
__𝐌𝐖 𝐦𝐮𝐢 𝐭𝐫𝐚̂̀𝐧 𝟑𝟐𝟓 𝐬𝐱 𝟐𝟎𝟎𝟗;750.000.000 đ ;BMW;3 Series;2009;17000;Đã sử dụng;Tự động;Xăng;Đức;Mui trần;4;Bảo hành hãng;> 1 tấn;> 2 tấn
Ford Fiesta 1.0AT Sport 2016;335.000.000 đ ;Ford;Fiesta;2016;90000;Đã sử dụng;Tự động;Xăng;Việt Nam;Hatchback;5;Bảo hành hãng;> 1 tấn;> 2 tấn
Kia Sorento 2019 siêu lướt;599.000.000 đ ;Kia;Sorento;2019;25678;Đã sử dụng;Tự động;Xăng;Việt Nam;SUV / Cross over;7;Bảo hành hãng;> 1 tấn;> 2 tấn
Hyundai ACCENT ATH model 22 siêu mới;468.000.000 đ ;Hyundai;Accent;2021;20000;Đã sử dụng;Tự động;Xăng;Việt Nam;Sedan;5;Bảo hành hãng;> 1 tấn;> 2 tấn
Vinfast Fadil đời 2022 đi đúng 8.000Km;315.000.000 đ ;Vinfast;Fadil;2022;8000;Đã sử dụng;Tự động;Xăng;Việt Nam;Sedan;2;Bảo hành hãng;> 1 tấn;> 2 tấn
Mercedes Benz C Class C 300 AMG 2019 - Lướt 01 Chủ;1.199.000.000 đ ;Mercedes Benz;C Class;2019;27000;Đã sử dụng;Tự động;Xăng;Đức;Sedan;5;Bảo hành hãng;> 1 tấn;> 2 tấn
Mazda BT50 2015 số sàn 2 cầu vượt mọi địa hình;305.000.000 đ ;Mazda;BT 50;2015;60000;Đã sử dụng;Số sàn;Dầu;Nhật Bản;Pick-up (bán tải);5;Bảo hành hãng;> 1 tấn;> 2 tấn
Toyota Innova 2.0E 2019-MPV bền bỉ, siêu tiết kiệm;530.000.000 đ ;Toyota;Innova;2019;34787;Đã sử dụng;Số sàn;Xăng;Đang cập nhật;Minivan (MPV);8;Bảo hành hãng;> 1 tấn;> 2 tấn
BMW 528i 2016 Nhập Đức - Odo 7,3v Một Đời Chủ;1.279.000.000 đ ;BMW;5 Series;2016;73000;Đã sử dụng;Tự động;Xăng;Đức;Sedan;4;Bảo hành hãng;> 1 tấn;> 2 tấn
Ranger XLS MT 2016, Nhập Thái, Siêu Đẹp;418.000.000 đ ;Ford;Ranger;2016;71000;Đã sử dụng;Số sàn;Dầu;Thái Lan;Pick-up (bán tải);5;Bảo hành hãng;> 1 tấn;> 2 tấn
Hãng Ford bán Ranger AT 2020 nhập trang bị cực đẹp;545.000.000 đ ;Ford;Ranger;2020;68000;Đã sử dụng;Tự động;Dầu;Thái Lan;Pick-up (bán tải);5;Bảo hành hãng;> 1 tấn;> 2 tấn
Kia morning .2017.Si.số sàn .xe gia đình;245.000.000 đ ;Kia;Morning;2017;80000;Đã sử dụng;Số sàn;Xăng;Việt Nam;Hatchback;5;Bảo hành hãng;> 1 tấn;> 2 tấn
MAZDA 3 LUXURY 2022 CÁ NHÂN NỮ ĐI;569.000.000 đ ;Mazda;3;2022;4000;Đã sử dụng;Tự động;Xăng;Việt Nam;Sedan;5;Bảo hành hãng;> 1 tấn;> 2 tấn
xe Lexus RC200T Coupe model 2017;1.699.000.000 đ ;Lexus;RC;2016;1;Đã sử dụng;Tự động;Xăng;Nhật Bản;Coupe (2 cửa);4;Bảo hành hãng;> 1 tấn;> 2 tấn
Fortuner Legender 2.4AT máy dầu 1 cầu 2022 cực đep;1.025.000.000 đ ;Toyota;Fortuner;2022;10000;Đã sử dụng;Tự động;Dầu;Việt Nam;SUV / Cross over;8;Bảo hành hãng;> 1 tấn;> 2 tấn
HYUNDAI SANTAFE 2020 TỰ ĐỘNG 35.000km;765.000.000 đ ;Hyundai;Santa Fe;2020;35000;Đã sử dụng;Tự động;Xăng;Việt Nam;Sedan;2;Bảo hành hãng;> 1 tấn;> 2 tấn
✅ Kia Carnival 2.2D Signature 2022 model 2023;1.420.000.000 đ ;Kia;Carnival;2022;20000;Đã sử dụng;Tự động;Động cơ Hybrid;Đang cập nhật;Minivan (MPV);10;Bảo hành hãng;> 1 tấn;> 2 tấn
Hãng Ford bán RANGER WILDTRAK 2018 NHẬP THÁI;618.000.000 đ ;Ford;Ranger;2018;80000;Đã sử dụng;Tự động;Dầu;Đang cập nhật;Pick-up (bán tải);5;Bảo hành hãng;> 1 tấn;> 2 tấn
Corolla Altis 1.8G 2015;460.000.000 đ ;Toyota;Corolla Altis;2015;83289;Đã sử dụng;Tự động;Xăng;Việt Nam;Sedan;5;Bảo hành hãng;> 1 tấn;> 2 tấn
Ford EcoSport 1.5 AT Titanium model 2017;355.000.000 đ ;Ford;EcoSport;2016;70000;Đã sử dụng;Tự động;Xăng;Việt Nam;SUV / Cross over;5;Bảo hành hãng;> 1 tấn;> 2 tấn
TOYOTA CROSS 1.8V Black T12/20 Siêu Mới;715.000.000 đ ;Toyota;Corolla Cross;2020;30000;Đã sử dụng;5;Xăng;Thái Lan;SUV / Cross over;5;Bảo hành hãng;> 1 tấn;> 2 tấn
SANTAFE 2017 MÁY DẦU BẢN FULL 1 CHỦ MUA MỚI;695.000.000 đ ;Hyundai;Santa Fe;2017;81000;Đã sử dụng;Tự động;Dầu;Đang cập nhật;SUV / Cross over;7;Bảo hành hãng;> 1 tấn;> 2 tấn
Mercedes Benz E Calss E200 2017.51G Siêu Đẹp;1.099.000.000 đ ;Mercedes Benz;E Class;2017;60000;Đã sử dụng;Tự động;Xăng;Đức;Sedan;5;Bảo hành hãng;> 1 tấn;> 2 tấn
Kia Rondo 2018 số sàn êm ái;335.000.000 đ ;Kia;Rondo;2018;50000;Đã sử dụng;Số sàn;Xăng;Hàn Quốc;Minivan (MPV);7;Bảo hành hãng;> 1 tấn;> 2 tấn
BMW 428 GrandCoupe Up Full M4;899.000.000 đ ;BMW;4 Series;2014;42000;Đã sử dụng;Tự động;Xăng;Đức;Sedan;5;Bảo hành hãng;> 1 tấn;> 2 tấn
Toyota Vios 1.5G sx 2022 màu đen xe đẹp như mới;515.000.000 đ ;Toyota;Vios;2022;28000;Đã sử dụng;Tự động;Xăng;Việt Nam;Sedan;5;Bảo hành hãng;> 1 tấn;> 2 tấn
Hãng FORD bán FIESTA 1.0 ECOBOOST 2018 chạy ít;348.000.000 đ ;Ford;Fiesta;2018;39000;Đã sử dụng;Tự động;Xăng;Việt Nam;Hatchback;5;Bảo hành hãng;> 1 tấn;> 2 tấn
wildtrach 3.2 4*4 2016;516.000.000 đ ;Ford;Ranger;2016;75000;Đã sử dụng;Tự động;Dầu;Thái Lan;Pick-up (bán tải);5;Bảo hành hãng;> 1 tấn;> 2 tấn
KIA SEDONA sx 2021 LUXUY odo 35000 km xe chất;955.000.000 đ ;Kia;Sedona;2021;35000;Đã sử dụng;Tự động;Dầu;Đang cập nhật;Minivan (MPV);7;Bảo hành hãng;> 1 tấn;> 2 tấn
Toyota Camry 2.4G sx 2012 màu đen siêu chất;430.000.000 đ ;Toyota;Camry;2012;96000;Đã sử dụng;Tự động;Xăng;Việt Nam;Sedan;5;Bảo hành hãng;> 1 tấn;> 2 tấn
Toyota Hilux 2.4E 4x2 AT 2019 chính chủ;558.000.000 đ ;Toyota;Hilux;2019;60000;Đã sử dụng;Tự động;Dầu;Đang cập nhật;Pick-up (bán tải);5;Bảo hành hãng;> 1 tấn;> 2 tấn
Hãng bán Focus 2.0L AT Sedan biển SG 1 chủ từ đầu;240.000.000 đ ;Ford;Focus;2011;93000;Đã sử dụng;Tự động;Xăng;Việt Nam;Hatchback;5;Bảo hành hãng;> 1 tấn;> 2 tấn
Siêu Cọp Porsche Macan Model 2016 Chuẩn 50.000 Km;1.998.000.000 đ ;Porsche;Macan;2015;57000;Đã sử dụng;Tự động;Xăng;Đức;SUV / Cross over;5;Bảo hành hãng;> 1 tấn;> 2 tấn
CX5 2.0 prenium 2022;785.000.000 đ ;Mazda;CX 5;2022;36138;Đã sử dụng;Tự động;Xăng;Việt Nam;SUV / Cross over;5;Bảo hành hãng;> 1 tấn;> 2 tấn
SEDONA 2018 MÁY DẦU BẢN FULL.CÓ BẢO HÀNH;758.000.000 đ ;Kia;Sedona;2018;135000;Đã sử dụng;Tự động;Dầu;Đang cập nhật;Minivan (MPV);7;Bảo hành hãng;> 1 tấn;> 2 tấn
Kia Sorento máy xăng 2013 một chủ;386.000.000 đ ;Kia;Sorento;2013;83000;Đã sử dụng;Tự động;Xăng;Việt Nam;SUV / Cross over;7;Bảo hành hãng;> 1 tấn;> 2 tấn
Toyota Cross HV sx 2021 màu xăng cực đẹp;790.000.000 đ ;Toyota;Corolla Cross;2021;38000;Đã sử dụng;5;Động cơ Hybrid;Thái Lan;SUV / Cross over;5;Bảo hành hãng;> 1 tấn;> 2 tấn
Hyudai Santa Fe sx 2016 bản full 2.4 máy xăng;650.000.000 đ ;Hyundai;Santa Fe;2016;81000;Đã sử dụng;Tự động;Xăng;Việt Nam;SUV / Cross over;7;Bảo hành hãng;> 1 tấn;> 2 tấn
RANGER XLS MT 2020, SIÊU ĐẸP, BH HÃNG, GÓP;525.000.000 đ ;Ford;Ranger;2020;49000;Đã sử dụng;Số sàn;Dầu;Thái Lan;Pick-up (bán tải);5;Bảo hành hãng;> 1 tấn;> 2 tấn
LandRover Range Rover Velar 2019 - 01 Chủ Siêu Mới;3.199.000.000 đ ;LandRover;Range Rover Velar;2019;310000;Đã sử dụng;Tự động;Xăng;Nước khác;SUV / Cross over;5;Bảo hành hãng;> 1 tấn;> 2 tấn
Hãng Ford Bán Wildtrak 2018 Odo 53.000km chuẩn;618.000.000 đ ;Ford;Ranger;2018;53000;Đã sử dụng;Tự động;Dầu;Thái Lan;Pick-up (bán tải);5;Bảo hành hãng;> 1 tấn;> 2 tấn
Mercedes Benz CLA45 4Matic Model 2019;1.399.000.000 đ ;Mercedes Benz;CLA Class;2018;22000;Đã sử dụng;Tự động;Xăng;Nước khác;Sedan;5;Bảo hành hãng;> 1 tấn;> 2 tấn
Mercedes Benz GLK 300 4MATIC sx 2009 đăng ký 2010;379.000.000 đ ;Mercedes Benz;GLK Class;2009;110000;Đã sử dụng;Tự động;Xăng;Việt Nam;SUV / Cross over;5;Bảo hành hãng;> 1 tấn;> 2 tấn
Hyundai Elantra 2018 2.0 bản Full kịch;395.000.000 đ ;Hyundai;Elantra;2018;50000;Đã sử dụng;Tự động;Xăng;Việt Nam;Sedan;5;Bảo hành hãng;> 1 tấn;> 2 tấn
Siêu Xe MAZDA 3 SPORT LUXURY XANH LAMBORGHINI;570.000.000 đ ;Mazda;3;2020;50000;Đã sử dụng;Tự động;Xăng;Việt Nam;Sedan;5;Bảo hành hãng;> 1 tấn;> 2 tấn
mercedes benz c200 exclusive 36.000KM;1.069.000.000 đ ;Mercedes Benz;C Class;2019;36000;Đã sử dụng;Tự động;Xăng;Đang cập nhật;Sedan;5;Bảo hành hãng;> 1 tấn;> 2 tấn
Mazda CX5 2.0 2019 tư nhân 1 chủ màu xanh cavasine;645.000.000 đ ;Mazda;CX 5;2019;60000;Đã sử dụng;Tự động;Xăng;Đang cập nhật;SUV / Cross over;5;Bảo hành hãng;> 1 tấn;> 2 tấn
LEXUS ES 250 SX2016.XE BẢO DƯỠNG FULL HÃNG;1.399.000.000 đ ;Lexus;ES;2016;57000;Đã sử dụng;Tự động;Xăng;Nhật Bản;Sedan;5;Bảo hành hãng;> 1 tấn;> 2 tấn
mercedes benz e200 2015;660.000.000 đ ;Mercedes Benz;E Class;2015;85000;Đã sử dụng;Tự động;Xăng;Đức;Sedan;5;Bảo hành hãng;> 1 tấn;> 2 tấn
xe Kia Carnival Luxury Model 2023;1.139.000.000 đ ;Kia;Carnival;2022;18000;Đã sử dụng;Tự động;Động cơ Hybrid;Việt Nam;Minivan (MPV);8;Bảo hành hãng;> 1 tấn;> 2 tấn
Ford Focus 1.8L AT 2013 - Biển Hà Nội 1 chủ;280.000.000 đ ;Ford;Focus;2013;11000;Đã sử dụng;Tự động;Xăng;Việt Nam;Sedan;5;Bảo hành hãng;> 1 tấn;> 2 tấn
Mercedes Benz GLC 240 4Matic 2018;975.000.000 đ ;Mercedes Benz;GLC;2018;60000;Đã sử dụng;Tự động;Xăng;Việt Nam;SUV / Cross over;5;Bảo hành hãng;> 1 tấn;> 2 tấn
__Meccdes E200 sx 2017 bản 2.0 AT cao cấp od 4v km💥;995.000.000 đ ;Mercedes Benz;E Class;2017;40000;Đã sử dụng;Tự động;Xăng;Đang cập nhật;Sedan;5;Bảo hành hãng;> 1 tấn;> 2 tấn
Morning S 2019;320.000.000 đ ;Kia;Morning;2019;36789;Đã sử dụng;Tự động;Xăng;Việt Nam;Hatchback;5;Bảo hành hãng;> 1 tấn;> 2 tấn
Hilux 2.4MT 2019 nhập khẩu;515.000.000 đ ;Toyota;Hilux;2019;68789;Đã sử dụng;Số sàn;Dầu;Việt Nam;Sedan;5;Bảo hành hãng;> 1 tấn;> 2 tấn
Mercedes Benz GLC250 4Matic 2018 Xe Đẹp;1.180.000.000 đ ;Mercedes Benz;GLC Class;2018;55000;Đã sử dụng;Tự động;Xăng;Việt Nam;SUV / Cross over;5;Bảo hành hãng;> 1 tấn;> 2 tấn
Range Rover Velar HSE P300 R-Dynamic Model 2020;3.199.000.000 đ ;LandRover;Range Rover;2019;37000;Đã sử dụng;Tự động;Xăng;Nước khác;SUV / Cross over;5;Bảo hành hãng;> 1 tấn;> 2 tấn
ECOPORT TITANIUM TĂNG ÁP 1.0L. BH HÃNG FORD 1 NĂM.;445.000.000 đ ;Ford;EcoSport;2018;36000;Đã sử dụng;Tự động;Xăng;Việt Nam;SUV / Cross over;5;Bảo hành hãng;> 1 tấn;> 2 tấn
Mini Cooper S MT 1.6L siêu hiếm Model 2015;509.000.000 đ ;Mini;Cooper;2004;61000;Đã sử dụng;Số sàn;Xăng;Nước khác;Hatchback;4;Bảo hành hãng;> 1 tấn;> 2 tấn
__Xe Vinfast lux SA2.0 sx 2019 bản premium odo 3v 💥;745.000.000 đ ;Vinfast;1083;2019;30000;Đã sử dụng;Tự động;Xăng;Việt Nam;Sedan;2;Bảo hành hãng;> 1 tấn;> 2 tấn
__ Mercesdes C Class C300 AMG sx 2018 model 2019;1.100.000.000 đ ;Mercedes Benz;C Class;2018;60000;Đã sử dụng;Tự động;Xăng;Đang cập nhật;Sedan;5;Bảo hành hãng;> 1 tấn;> 2 tấn
Toyota innova 2022 số sàn siêu lướt;595.000.000 đ ;Toyota;Innova;2022;34000;Đã sử dụng;Số sàn;Xăng;Việt Nam;Minivan (MPV);8;Bảo hành hãng;> 1 tấn;> 2 tấn
Toyota Camry 2.0 E 2018;685.000.000 đ ;Toyota;Camry;2018;75000;Đã sử dụng;Tự động;Xăng;Việt Nam;Sedan;5;Bảo hành hãng;> 1 tấn;> 2 tấn
Mercedes Benz C Class C300 AMG 2016 Siêu Mới;888.000.000 đ ;Mercedes Benz;C Class;2016;60000;Đã sử dụng;Tự động;Xăng;Đức;Sedan;5;Bảo hành hãng;> 1 tấn;> 2 tấn
Xpander 2021 số tự động nhập khẩu màu đen;535.000.000 đ ;Mitsubishi;Xpander;2021;33000;Đã sử dụng;Tự động;Xăng;Đang cập nhật;Minivan (MPV);7;Bảo hành hãng;> 1 tấn;> 2 tấn
audi A6 sx 2015;790.000.000 đ ;Audi;A6;2015;68000;Đã sử dụng;Tự động;Xăng;Đức;Sedan;5;Bảo hành hãng;> 1 tấn;> 2 tấn
lexus GX 470;650.000.000 đ ;Lexus;GX;2007;95000;Đã sử dụng;Tự động;Xăng;Mỹ;SUV / Cross over;7;Bảo hành hãng;> 1 tấn;> 2 tấn
Mazda CX5 2.5 4x4 Model 2019;639.000.000 đ ;Mazda;CX 5;2018;48000;Đã sử dụng;Tự động;Xăng;Nước khác;SUV / Cross over;5;Bảo hành hãng;> 1 tấn;> 2 tấn
Mazda 3 Sedan 2015 màu trắng đẹp xuất sắc;385.000.000 đ ;Mazda;3;2015;83000;Đã sử dụng;Tự động;Xăng;Đang cập nhật;Sedan;5;Bảo hành hãng;> 1 tấn;> 2 tấn
Ford Escape 2.3 XLS 2009;245.000.000 đ ;Ford;Escape;2009;110000;Đã sử dụng;Tự động;Xăng;Việt Nam;SUV / Cross over;5;Bảo hành hãng;> 1 tấn;> 2 tấn
__ ECOSPORT TITANIUM 2018. BH 1 NĂM CHÍNH HÃNG FORD;410.000.000 đ ;Ford;EcoSport;2018;60000;Đã sử dụng;Tự động;Xăng;Đang cập nhật;SUV / Cross over;5;Bảo hành hãng;> 1 tấn;> 2 tấn
Merc A200 Sx2013 1 Chủ Đi 8van km;399.000.000 đ ;Mercedes Benz;A Class;2013;80000;Đã sử dụng;Tự động;Xăng;Đang cập nhật;Hatchback;5;Bảo hành hãng;> 1 tấn;> 2 tấn
SANTAFE CAO CẤP CHÍNH CHỦ MÀU CAFFE RẤT MỚI;915.000.000 đ ;Hyundai;Santa Fe;2021;45000;Đã sử dụng;Tự động;Dầu;Đang cập nhật;SUV / Cross over;7;Bảo hành hãng;> 1 tấn;> 2 tấn
✅Hyundai Tucson 1.6 Turbo 2018 màu đen biển HN đẹp;690.000.000 đ ;Hyundai;Tucson;2018;59000;Đã sử dụng;Tự động;Xăng;Đang cập nhật;SUV / Cross over;5;Bảo hành hãng;> 1 tấn;> 2 tấn
INNOVA 2019 SỐ SÀN 1 CHỦ MUA MỚI.CÓ BẢO HÀNH;518.000.000 đ ;Toyota;Innova;2019;125000;Đã sử dụng;Số sàn;Xăng;Việt Nam;Minivan (MPV);8;Bảo hành hãng;> 1 tấn;> 2 tấn
Ford Escape 2011 gói độ 400tr;383.000.000 đ ;Ford;Escape;2011;110000;Đã sử dụng;Tự động;Xăng;Việt Nam;SUV / Cross over;5;Bảo hành hãng;> 1 tấn;> 2 tấn
Toyota Fortuner MT sx 2019;769.000.000 đ ;Toyota;Fortuner;2019;76000;Đã sử dụng;Số sàn;Dầu;Nước khác;SUV / Cross over;7;Bảo hành hãng;> 1 tấn;> 2 tấn
Hyundai Avante 1.6 AT bs HÀ NỘI sx 2011;265.000.000 đ ;Hyundai;Avante;2011;150000;Đã sử dụng;Tự động;Xăng;Việt Nam;Sedan;5;Bảo hành hãng;> 1 tấn;> 2 tấn
Toyota Corolla Altis 2012 bản 2.0 cao cấp;365.000.000 đ ;Toyota;Corolla Altis;2012;80000;Đã sử dụng;Tự động;Xăng;Đang cập nhật;Sedan;5;Bảo hành hãng;> 1 tấn;> 2 tấn
Mazda BT50 3.2 2 cầu 2014 siêu cơ bắp;325.000.000 đ ;Mazda;BT 50;2014;80000;Đã sử dụng;Số sàn;Dầu;Thái Lan;Pick-up (bán tải);5;Bảo hành hãng;> 1 tấn;> 2 tấn
Hyundai Tucson 2015 nhập khẩu;535.000.000 đ ;Hyundai;Tucson;2015;70000;Đã sử dụng;Tự động;Xăng;Đang cập nhật;SUV / Cross over;5;Bảo hành hãng;> 1 tấn;> 2 tấn
Hyundai I20 1.4 AT;240.000.000 đ ;Hyundai;i20;2011;78689;Đã sử dụng;Tự động;Xăng;Việt Nam;Hatchback;5;Bảo hành hãng;> 1 tấn;> 2 tấn
Mercedes-Benz GL400 nhập mỹ sx 2014;1.250.000.000 đ ;Mercedes Benz;GL Class;2014;76000;Đã sử dụng;Tự động;Xăng;Mỹ;SUV / Cross over;7;Bảo hành hãng;> 1 tấn;> 2 tấn
Fadil T12/2020 full 50tr đồ chơi;305.000.000 đ ;Vinfast;Fadil;2020;45000;Đã sử dụng;Tự động;Xăng;Việt Nam;Sedan;2;Bảo hành hãng;> 1 tấn;> 2 tấn
Xe Kia Rio 1.4 AT 2015 nhập khẩu;350.000.000 đ ;Kia;Rio;2015;85000;Đã sử dụng;Tự động;Xăng;Hàn Quốc;Hatchback;5;Bảo hành hãng;> 1 tấn;> 2 tấn
Mitsubishi Attrage 2021 số sàn nhập khẩu;295.000.000 đ ;Mitsubishi;Attrage;2021;30000;Đã sử dụng;Số sàn;Xăng;Thái Lan;Sedan;5;Bảo hành hãng;> 1 tấn;> 2 tấn
Bán Xtrail 2.0 Premium sx2017;565.000.000 đ ;Nissan;X trail;2017;56000;Đã sử dụng;Tự động;Xăng;Đang cập nhật;SUV / Cross over;7;Bảo hành hãng;> 1 tấn;> 2 tấn
Hyundai Getz cọp hàng sưu tầm;140.000.000 đ ;Hyundai;Getz;2008;150000;Đã sử dụng;Số sàn;Xăng;Hàn Quốc;Hatchback;5;Bảo hành hãng;> 1 tấn;> 2 tấn
Lexus RX350 odo 3,5 vạn miles zin bao check test;850.000.000 đ ;Lexus;RX;2009;60000;Đã sử dụng;Tự động;Xăng;Mỹ;SUV / Cross over;5;Bảo hành hãng;> 1 tấn;> 2 tấn
Mini Cooper LCI up S model 2019 Siêu Lướt😍;1.199.000.000 đ ;Mini;Cooper;2018;40000;Đã sử dụng;Tự động;Xăng;Đức;Hatchback;5;Bảo hành hãng;> 1 tấn;> 2 tấn
Mazda 3 Sedan 2016 ĐK 2017 đẹp xuất sắc;410.000.000 đ ;Mazda;3;2016;67000;Đã sử dụng;Tự động;Xăng;Đang cập nhật;Sedan;5;Bảo hành hãng;> 1 tấn;> 2 tấn
449 TRIỆU CHÍNH HÃNG BÁN ECOSPORT TITANIUM 2019;449.000.000 đ ;Ford;EcoSport;2019;59000;Đã sử dụng;Tự động;Xăng;Đang cập nhật;SUV / Cross over;5;Bảo hành hãng;> 1 tấn;> 2 tấn
Ford Everest titanium sx 2021;945.000.000 đ ;Ford;Everest;2021;48000;Đã sử dụng;Tự động;Dầu;Thái Lan;SUV / Cross over;7;Bảo hành hãng;> 1 tấn;> 2 tấn
FORD EVEREST LIMITED 1/2014_XE LƯỚT 1 CHỦ TỪ ĐẦU;455.000.000 đ ;Ford;Everest;2014;60000;Đã sử dụng;Tự động;Dầu;Đang cập nhật;SUV / Cross over;7;Bảo hành hãng;> 1 tấn;> 2 tấn
Innova 2.0 MT 2017;460.000.000 đ ;Toyota;Innova;2017;80389;Đã sử dụng;Số sàn;Xăng;Việt Nam;SUV / Cross over;8;Bảo hành hãng;> 1 tấn;> 2 tấn
FORD FOCUS 2017 ECOBOOST 1.5L_XE ÍT ĐI BAO TEST;390.000.000 đ ;Ford;Focus;2017;40000;Đã sử dụng;Tự động;Xăng;Việt Nam;Sedan;5;Bảo hành hãng;> 1 tấn;> 2 tấn
__ WILDTRAK 2 CẦU 2020 THÁI LAN, BH HÃNG FORD 1 NĂM;715.000.000 đ ;Ford;Ranger;2020;32000;Đã sử dụng;Tự động;Dầu;Thái Lan;Pick-up (bán tải);5;Bảo hành hãng;> 1 tấn;> 2 tấn
Honda City 1.5 CVT 2014;345.000.000 đ ;Honda;City;2014;110000;Đã sử dụng;Tự động;Xăng;Nước khác;Sedan;5;Bảo hành hãng;> 1 tấn;> 2 tấn
mercedes GLK 250 AMG 4MATIC SX 2013;590.000.000 đ ;Mercedes Benz;GLK Class;2013;78000;Đã sử dụng;Tự động;Xăng;Đức;SUV / Cross over;5;Bảo hành hãng;> 1 tấn;> 2 tấn
FOTUNER 2019 MÁY DẦU SỐ TỰ ĐỘNG,CÓ BẢO HÀNH;829.000.000 đ ;Toyota;Fortuner;2019;92000;Đã sử dụng;Tự động;Dầu;Việt Nam;SUV / Cross over;7;Bảo hành hãng;> 1 tấn;> 2 tấn
Mercedes GLC 300 All new sx 2023 siêu lướt 1000 km;2.699.000.000 đ ;Mercedes Benz;GLC;2023;1000;Đã sử dụng;Tự động;Xăng;Đang cập nhật;SUV / Cross over;5;Bảo hành hãng;> 1 tấn;> 2 tấn
FORD EVEREST MODEL 2014_1 CHỦ RẤT KỸ_BAO ZIN;475.000.000 đ ;Ford;Everest;2013;80000;Đã sử dụng;Tự động;Dầu;Đang cập nhật;SUV / Cross over;7;Bảo hành hãng;> 1 tấn;> 2 tấn
Honda city CVT 2018 màu đỏ đẹp xuất sắc;390.000.000 đ ;Honda;City;2018;60000;Đã sử dụng;Tự động;Xăng;Đang cập nhật;Sedan;5;Bảo hành hãng;> 1 tấn;> 2 tấn
Santafe xăng full 2018;699.000.000 đ ;Hyundai;Santa Fe;2018;58789;Đã sử dụng;Tự động;Xăng;Việt Nam;SUV / Cross over;7;Bảo hành hãng;> 1 tấn;> 2 tấn
Toyota Fortuner 2.4G AT sx 2019 1 chủ từ đầu;830.000.000 đ ;Toyota;Fortuner;2019;92000;Đã sử dụng;Tự động;Dầu;Đang cập nhật;SUV / Cross over;7;Bảo hành hãng;> 1 tấn;> 2 tấn
Toyota Innova 2.0 Venturer 2018 - 01 Chủ Từ Đầu;575.000.000 đ ;Toyota;Innova;2018;99000;Đã sử dụng;Tự động;Xăng;Việt Nam;Minivan (MPV);7;Bảo hành hãng;> 1 tấn;> 2 tấn
XUẤT VAT, RANGER XLS 2023, BH FORD TOÀN QUỐC 3 NĂM;632.000.000 đ ;Ford;Ranger;2023;13000;Đã sử dụng;Tự động;Dầu;Việt Nam;Pick-up (bán tải);5;Bảo hành hãng;> 1 tấn;> 2 tấn
CẦN BÁN KONA 1.6TUBO SIÊU MỚI 1 CHỦ TỪ MỚI;538.000.000 đ ;Hyundai;Kona;2019;18000;Đã sử dụng;Tự động;Xăng;Nước khác;SUV / Cross over;5;Bảo hành hãng;> 1 tấn;> 2 tấn
Tucson 1.6T siêu lướt giá mới;890.000.000 đ ;Hyundai;Tucson;2022;16000;Đã sử dụng;Tự động;Xăng;Đang cập nhật;SUV / Cross over;5;Bảo hành hãng;> 1 tấn;> 2 tấn
xe đẹp giá tốt;460.000.000 đ ;Toyota;Prado;2008;10800;Đã sử dụng;Tự động;Xăng;Nhật Bản;SUV / Cross over;7;Bảo hành hãng;> 1 tấn;> 2 tấn
Mercedes Benz E Class E300 AMG Model 2017.51F;1.268.000.000 đ ;Mercedes Benz;E Class;2016;70000;Đã sử dụng;Tự động;Xăng;Đức;Sedan;5;Bảo hành hãng;> 1 tấn;> 2 tấn
Bentley Mulsanne Speed Model 2015;8.299.000.000 đ ;Bentley;Mulsanne;2014;4;Đã sử dụng;Tự động;Xăng;Nước khác;Sedan;5;Bảo hành hãng;> 1 tấn;> 2 tấn
Chervolet lacetti xe rất đẹp;105.000.000 đ ;Daewoo;Lacetti;2009;210000;Đã sử dụng;Số sàn;Xăng;Việt Nam;Sedan;5;Bảo hành hãng;> 1 tấn;> 2 tấn
Mercedes Benz C Class C200 2017- Màu Xanh Hot;779.000.000 đ ;Mercedes Benz;C Class;2017;80000;Đã sử dụng;Tự động;Xăng;Đang cập nhật;Sedan;5;Bảo hành hãng;> 1 tấn;> 2 tấn
Ford Everest titanium 4x4 sx 2019;898.000.000 đ ;Ford;Everest;2019;59000;Đã sử dụng;Tự động;Dầu;Đang cập nhật;SUV / Cross over;7;Bảo hành hãng;> 1 tấn;> 2 tấn
Lexus GX 460L sx 2009;1.190.000.000 đ ;Lexus;GX;2009;95000;Đã sử dụng;Tự động;Xăng;Nhật Bản;SUV / Cross over;7;Bảo hành hãng;> 1 tấn;> 2 tấn
Xpandre Cross;548.000.000 đ ;Mitsubishi;Xpander Cross;2020;4;Đã sử dụng;Tự động;Xăng;Nước khác;SUV / Cross over;7;Bảo hành hãng;> 1 tấn;> 2 tấn
XE LƯỚT 32.000 KM RANGER WILDTRAK 2020 NHẬP THÁI;715.000.000 đ ;Ford;Ranger;2020;32000;Đã sử dụng;Tự động;Dầu;Đang cập nhật;Pick-up (bán tải);5;Bảo hành hãng;> 1 tấn;> 2 tấn
TOYOTA LAND CRUISER PRADO 2.7TXL MODEL 2017 CÓ VAT;1.380.000.000 đ ;Toyota;Land Cruiser Prado;2016;90000;Đã sử dụng;Tự động;Xăng;Nhật Bản;SUV / Cross over;7;Bảo hành hãng;> 1 tấn;> 2 tấn
Bán Mazda 3 1.5at sx2017 cực mới;435.000.000 đ ;Mazda;3;2017;75000;Đã sử dụng;Tự động;Xăng;Đang cập nhật;Sedan;5;Bảo hành hãng;> 1 tấn;> 2 tấn
Ecospost 2018 titanium 3,7v km;440.000.000 đ ;Ford;EcoSport;2018;3700;Đã sử dụng;Tự động;Xăng;Việt Nam;SUV / Cross over;5;Bảo hành hãng;> 1 tấn;> 2 tấn
Mitsubishi Attrage CVT 2021 đỏ mận đẹp căng;382.000.000 đ ;Mitsubishi;Attrage;2021;36000;Đã sử dụng;5;Xăng;Đang cập nhật;Sedan;5;Bảo hành hãng;> 1 tấn;> 2 tấn
FORD RAPTOR 2021 LƯỚT 10.000 biển A không niên hạn;1.050.000.000 đ ;Ford;Ranger;2021;25000;Đã sử dụng;Tự động;Dầu;Đang cập nhật;Pick-up (bán tải);5;Bảo hành hãng;> 1 tấn;> 2 tấn
Mercedes Benz C Class C 200 Exclusive 2021 Lướt 3v;1.268.000.000 đ ;Mercedes Benz;C Class;2021;31000;Đã sử dụng;Tự động;Xăng;Đức;Sedan;5;Bảo hành hãng;> 1 tấn;> 2 tấn
KIA CARNIVAL 2021 Dầu full 7 ghế xe zin 100%;1.320.000.000 đ ;Kia;Carnival;2021;40000;Đã sử dụng;Tự động;Dầu;Đang cập nhật;Minivan (MPV);7;Bảo hành hãng;> 1 tấn;> 2 tấn
__ WILDTRAK 2 CẦU 2021 LƯỚT BH FORD TOÀN QUỐC 1 NĂM;748.000.000 đ ;Ford;Ranger;2021;29000;Đã sử dụng;Tự động;Dầu;Việt Nam;Pick-up (bán tải);5;Bảo hành hãng;> 1 tấn;> 2 tấn
Mercedes Benz C Class C250 Exclusive Model 2017;888.000.000 đ ;Mercedes Benz;C Class;2017;21000;Đã sử dụng;Tự động;Xăng;Đang cập nhật;Sedan;5;Bảo hành hãng;> 1 tấn;> 2 tấn
Toyota Land Cruiser Model 2002;199.000.000 đ ;Toyota;Land Cruiser;2001;1;Đã sử dụng;Số sàn;Xăng;Việt Nam;SUV / Cross over;9;Bảo hành hãng;> 1 tấn;> 2 tấn
xe đẹp giá tốt;430.000.000 đ ;Mercedes Benz;C Class;2013;10000;Đã sử dụng;Tự động;Xăng;Việt Nam;Sedan;5;Bảo hành hãng;> 1 tấn;> 2 tấn
Vios G 2013;330.000.000 đ ;Toyota;Vios;2013;93896;Đã sử dụng;Tự động;Xăng;Việt Nam;Sedan;5;Bảo hành hãng;> 1 tấn;> 2 tấn
TOYOTA FORTUNER 2.4G MT NHẬP KHẨU MODEL 2019;735.000.000 đ ;Toyota;Fortuner;2018;80000;Đã sử dụng;Số sàn;Dầu;Thái Lan;SUV / Cross over;7;Bảo hành hãng;> 1 tấn;> 2 tấn
Kia Seltos Premium sx 2021;618.000.000 đ ;Kia;Seltos;2021;49000;Đã sử dụng;Tự động;Xăng;Việt Nam;SUV / Cross over;5;Bảo hành hãng;> 1 tấn;> 2 tấn
__ LƯỚT WILDTRAK 2022 4WD. BH FORD TOÀN QUỐC 2 NĂM.;845.000.000 đ ;Ford;Ranger;2022;18000;Đã sử dụng;Tự động;Dầu;Việt Nam;Pick-up (bán tải);5;Bảo hành hãng;> 1 tấn;> 2 tấn
Mercedes S Class S550 sx 2008 full option giá tốt;360.000.000 đ ;Mercedes Benz;S Class;2007;11000;Đã sử dụng;Tự động;Xăng;Đức;Sedan;5;Bảo hành hãng;> 1 tấn;> 2 tấn
Toyota vios G 2015 màu Vàng Cát;342.000.000 đ ;Toyota;Vios;2015;86000;Đã sử dụng;Tự động;Xăng;Đang cập nhật;Sedan;5;Bảo hành hãng;> 1 tấn;> 2 tấn
NISSAN X-TRAIL 2.0 premium;605.000.000 đ ;Nissan;X trail;2018;6;Đã sử dụng;Tự động;Xăng;Việt Nam;SUV / Cross over;7;Bảo hành hãng;> 1 tấn;> 2 tấn
xe FORD TOURNEO 2021 LÊN 5GHẾ MASSAGE;929.000.000 đ ;Ford;Tourneo;2021;25000;Đã sử dụng;Tự động;Xăng;Việt Nam;Minivan (MPV);7;Bảo hành hãng;> 1 tấn;> 2 tấn
Vios MT 2017;390.000.000 đ ;Toyota;Vios;2017;3999;Đã sử dụng;Số sàn;Xăng;Việt Nam;Sedan;5;Bảo hành hãng;> 1 tấn;> 2 tấn
XPANDER PREMIUM 2021 chuẩn 25.000km rất rất đẹp;525.000.000 đ ;Mitsubishi;Xpander;2021;25000;Đã sử dụng;Tự động;Xăng;Thái Lan;Minivan (MPV);7;Bảo hành hãng;> 1 tấn;> 2 tấn
FORD ECOSPORT 2016 TITANIUM 1 CHỦ_BAO TEST HÃNG;375.000.000 đ ;Ford;EcoSport;2016;70000;Đã sử dụng;Tự động;Xăng;Việt Nam;SUV / Cross over;5;Bảo hành hãng;> 1 tấn;> 2 tấn
Sorento xăng TC 2017;520.000.000 đ ;Kia;Sorento;2017;78658;Đã sử dụng;Tự động;Xăng;Việt Nam;SUV / Cross over;7;Bảo hành hãng;> 1 tấn;> 2 tấn
FORD EVEREST 2014 LIMITED_XE CHÍNH HÃNG BAO TEST;485.000.000 đ ;Ford;Everest;2014;70000;Đã sử dụng;Tự động;Dầu;Việt Nam;SUV / Cross over;7;Bảo hành hãng;> 1 tấn;> 2 tấn
XE BÁN TẠI HÃNG BH 1 NĂM ECOSPORT ECOBOOT 2018;445.000.000 đ ;Ford;EcoSport;2018;36000;Đã sử dụng;Tự động;Xăng;Đang cập nhật;SUV / Cross over;5;Bảo hành hãng;> 1 tấn;> 2 tấn
BMW 6 Series 640 Gran Coupe - Model 2013 Siêu Đẹp;999.000.000 đ ;BMW;6 Series;2012;60000;Đã sử dụng;Tự động;Xăng;Đức;Coupe (2 cửa);4;Bảo hành hãng;> 1 tấn;> 2 tấn
RANGER XLS TỰ ĐỘNG MẪU MỚI BẢO HÀNH TOÀN QUỐC 2025;625.000.000 đ ;Ford;Ranger;2022;19000;Đã sử dụng;Tự động;Dầu;Đang cập nhật;Pick-up (bán tải);2;Bảo hành hãng;> 1 tấn;> 2 tấn
Peugeot 3008 Allure 2022 Bs TP, Hỗ Trợ Bank 70%;880.000.000 đ ;Peugeot;3008;2022;36000;Đã sử dụng;Tự động;Xăng;Việt Nam;SUV / Cross over;5;Bảo hành hãng;> 1 tấn;> 2 tấn
Camry 2.0E sản xuất 2016 đăng ký 2017 phom nới;616.000.000 đ ;Toyota;Camry;2016;6500;Đã sử dụng;Tự động;Xăng;Việt Nam;Sedan;5;Bảo hành hãng;> 1 tấn;> 2 tấn
INNOVA 2019 2.0E SỐ SÀN ĐI CHUẨN 72K KM CHUẨN;546.000.000 đ ;Toyota;Innova;2019;73000;Đã sử dụng;Số sàn;Xăng;Việt Nam;Minivan (MPV);8;Bảo hành hãng;> 1 tấn;> 2 tấn
Corolla Altis 1.8G 2016;475.000.000 đ ;Toyota;Corolla Altis;2016;86789;Đã sử dụng;Tự động;Xăng;Việt Nam;Sedan;5;Bảo hành hãng;> 1 tấn;> 2 tấn
__𝐞𝐫𝐜𝐞𝐬𝐝𝐞𝐬 𝐁𝐞𝐧𝐳 𝐂𝟑𝟎𝟎 𝐀𝐌𝐆 𝐒𝐱𝟐𝟎𝟏𝟗 𝐋𝐮̛𝐨̛́𝐭 𝟓𝐯𝐚𝐧 𝟏 𝐂𝐡𝐮̉;1.199.000.000 đ ;Mercedes Benz;C Class;2019;51000;Đã sử dụng;Tự động;Xăng;Đang cập nhật;Sedan;5;Bảo hành hãng;> 1 tấn;> 2 tấn
✅ Toyota FORTUNER 2.4G số sàn máy dầu 2019;766.000.000 đ ;Toyota;Fortuner;2019;50000;Đã sử dụng;Số sàn;Dầu;Đang cập nhật;SUV / Cross over;7;Bảo hành hãng;> 1 tấn;> 2 tấn
FORD TERRITORY 2023 TITANIUM LƯỚT 5.000km 1 Chủ;828.000.000 đ ;Ford;Territory;2023;5300;Đã sử dụng;Tự động;Xăng;Việt Nam;SUV / Cross over;5;Bảo hành hãng;> 1 tấn;> 2 tấn
Merc C200 Sx2016 Siêu Mới;738.000.000 đ ;Mercedes Benz;C Class;2016;70000;Đã sử dụng;Tự động;Xăng;Đức;Sedan;5;Bảo hành hãng;> 1 tấn;> 2 tấn
RANGER XLS MT 2019-2020, BH CHÍNH HÃNG FORD 1 NĂM.;449.000.000 đ ;Ford;Ranger;2019;51000;Đã sử dụng;Số sàn;Dầu;Thái Lan;Pick-up (bán tải);5;Bảo hành hãng;> 1 tấn;> 2 tấn
Mazda Cx 5 AWD sx 2022;810.000.000 đ ;Mazda;CX 5;2022;29000;Đã sử dụng;Tự động;Xăng;Việt Nam;SUV / Cross over;5;Bảo hành hãng;> 1 tấn;> 2 tấn
XE LƯỚT 9.000 KM RANGER LIMITED 2021 BH TOÀN QUỐC;662.000.000 đ ;Ford;Ranger;2021;9000;Đã sử dụng;Tự động;Dầu;Đang cập nhật;Pick-up (bán tải);5;Bảo hành hãng;> 1 tấn;> 2 tấn
Hyundai santafe Premium sx 2020;895.000.000 đ ;Hyundai;Santa Fe;2020;40000;Đã sử dụng;Tự động;Dầu;Việt Nam;SUV / Cross over;7;Bảo hành hãng;> 1 tấn;> 2 tấn
Hyundai Avante 1.6 AT 2012 Xe Gia Đình Gốc SG;295.000.000 đ ;Hyundai;Avante;2012;90000;Đã sử dụng;Tự động;Xăng;Việt Nam;Sedan;5;Bảo hành hãng;> 1 tấn;> 2 tấn
XE BÁN TẠI HÃNG RANGER WILDTRAK 2021 BH TOÀN QUỐC;748.000.000 đ ;Ford;Ranger;2021;29000;Đã sử dụng;Tự động;Dầu;Đang cập nhật;Pick-up (bán tải);5;Bảo hành hãng;> 1 tấn;> 2 tấn
XL7 2020 đi 29k một chủ xe đẹp không lỗi nhỏ;526.000.000 đ ;Suzuki;XL 7;2020;29000;Đã sử dụng;Tự động;Xăng;Nước khác;SUV / Cross over;5;Bảo hành hãng;> 1 tấn;> 2 tấn
Bán witrack 3.2 sx 2015 đk 2016 (4x4);499.000.000 đ ;Ford;Ranger;2016;95000;Đã sử dụng;Tự động;Dầu;Thái Lan;Pick-up (bán tải);5;Bảo hành hãng;> 1 tấn;> 2 tấn
Suzuki Ertiga sport 2020;438.000.000 đ ;Suzuki;Ertiga;2020;47389;Đã sử dụng;Tự động;Xăng;Ấn Độ;SUV / Cross over;7;Bảo hành hãng;> 1 tấn;> 2 tấn
FORD FOCUS 2018 1.5 ECOBOOST_1 CHỦ XE GIA ĐÌNH;425.000.000 đ ;Ford;Focus;2018;50000;Đã sử dụng;Tự động;Xăng;Đang cập nhật;Hatchback;5;Bảo hành hãng;> 1 tấn;> 2 tấn
FORD FIESTA 1.0ECOBOST 2018 LƯỚT_TRẢ 150TR GIAO XE;349.000.000 đ ;Ford;Fiesta;2018;30000;Đã sử dụng;Tự động;Xăng;Đang cập nhật;Hatchback;5;Bảo hành hãng;> 1 tấn;> 2 tấn
HYUNDAI TUCSON 2.0 ĐẶT BIỆT 20 LƯỚT;725.000.000 đ ;Hyundai;Tucson;2020;20000;Đã sử dụng;Tự động;Xăng;Việt Nam;SUV / Cross over;5;Bảo hành hãng;> 1 tấn;> 2 tấn
CERATO 2018 1.6AT BÃO DƯỠNG ĐẦY ĐỦ BAO TEST HÃNG;436.000.000 đ ;Kia;Cerato;2018;68000;Đã sử dụng;Tự động;Xăng;Việt Nam;Sedan;5;Bảo hành hãng;> 1 tấn;> 2 tấn
HYUNDAI GRAND I10, SX 2019, SỐ SÀN, 1.2L;215.000.000 đ ;Hyundai;Grand i10;2019;62000;Đã sử dụng;Số sàn;Xăng;Việt Nam;Hatchback;5;Bảo hành hãng;> 1 tấn;> 2 tấn
Bán ecosport titanium sx cuối 2018;435.000.000 đ ;Ford;EcoSport;2018;48000;Đã sử dụng;Tự động;Xăng;Thái Lan;SUV / Cross over;5;Bảo hành hãng;> 1 tấn;> 2 tấn
Carnival 2022 Signature đi 15k km xe zin không lỗi;1.366.000.000 đ ;Kia;Carnival;2022;15000;Đã sử dụng;Tự động;Xăng;Việt Nam;Minivan (MPV);7;Bảo hành hãng;> 1 tấn;> 2 tấn
FORD FOCUS 2019 1.5ECOBOOST_XE GIA ĐÌNH_VAY 70%;445.000.000 đ ;Ford;Focus;2019;50000;Đã sử dụng;Tự động;Xăng;Đang cập nhật;Sedan;5;Bảo hành hãng;> 1 tấn;> 2 tấn
chính chủ bán nhanh morning sản xuất 2011;145.000.000 đ ;Kia;Morning;2011;150000;Đã sử dụng;Tự động;Xăng;Việt Nam;Hatchback;5;Bảo hành hãng;> 1 tấn;> 2 tấn
CAMRY 2.5Q 2018 xe quá đẹp so với đời, cam kết VB;735.000.000 đ ;Toyota;Camry;2018;79000;Đã sử dụng;Tự động;Xăng;Việt Nam;Sedan;5;Bảo hành hãng;> 1 tấn;> 2 tấn
ACCENT ĐẶC BIỆT 2022 MỘT CHỦ ĐI LƯỚT XE ĐẸP;476.000.000 đ ;Hyundai;Accent;2022;37000;Đã sử dụng;Tự động;Xăng;Việt Nam;Sedan;5;Bảo hành hãng;> 1 tấn;> 2 tấn
Bán xe KIA K3, bản cao cấp 2.0. Đi hơn 9 vạn;390.000.000 đ ;Kia;K3;2015;97000;Đã sử dụng;Tự động;Xăng;Việt Nam;Sedan;5;Bảo hành hãng;> 1 tấn;> 2 tấn
HYUNDAI TUCSON 2.0 FULL XĂNG SX 15 NHẬP HÀN;579.000.000 đ ;Hyundai;Tucson;2015;79000;Đã sử dụng;Tự động;Xăng;Hàn Quốc;SUV / Cross over;5;Bảo hành hãng;> 1 tấn;> 2 tấn
KIA SOLUTO LUXURY, SX 2020, SỐ TỰ Động;388.000.000 đ ;Kia;Soluto;2020;40000;Đã sử dụng;Tự động;Xăng;Việt Nam;Sedan;5;Bảo hành hãng;> 1 tấn;> 2 tấn
Nissan X TERRA bản cao cấp 2018, lăn bánh 4-2019;630.000.000 đ ;Nissan;X Terra;2019;60000;Đã sử dụng;Tự động;Xăng;Thái Lan;SUV / Cross over;7;Bảo hành hãng;> 1 tấn;> 2 tấn
Mercedes Benz C Class C300 AMG 2019 Full Đồ 160tr;1.189.000.000 đ ;Mercedes Benz;C Class;2019;3;Đã sử dụng;Tự động;Xăng;Đức;Sedan;5;Bảo hành hãng;> 1 tấn;> 2 tấn
Lên đời, bán nhanh audi Q5, 2k12, ko bàn về chất;550.000.000 đ ;Audi;Q5;2013;140000;Đã sử dụng;Tự động;Xăng;Đức;SUV / Cross over;8;Bảo hành hãng;> 1 tấn;> 2 tấn
Vinfast Lux A2.0 Model 2021 Xe Cá Nhân 1 Chủ;549.000.000 đ ;Vinfast;Lux A2.0;2020;32999;Đã sử dụng;Tự động;Xăng;Đức;Sedan;5;Bảo hành hãng;> 1 tấn;> 2 tấn
Kia Cerato 1.6AT 2018 - Odo 45,000km Đẹp Chuẩn Zin;429.000.000 đ ;Kia;Cerato;2018;45000;Đã sử dụng;Tự động;Xăng;Đang cập nhật;Sedan;5;Bảo hành hãng;> 1 tấn;> 2 tấn
Corolla Cross 2021đk 2022 biển phố chưa hạt sơn ta;685.000.000 đ ;Toyota;Corolla Cross;2022;34000;Đã sử dụng;Tự động;Xăng;Thái Lan;SUV / Cross over;5;Bảo hành hãng;> 1 tấn;> 2 tấn
CẶP CIVIC RS 2021, CHỈ 4.000KM,FULL ĐỒ CHƠI;735.000.000 đ ;Honda;Civic;2021;4000;Đã sử dụng;Tự động;Xăng;Thái Lan;Sedan;5;Bảo hành hãng;> 1 tấn;> 2 tấn
TOYOTA RUSH 1.5AT, SX 2021;525.000.000 đ ;Toyota;Rush;2021;45000;Đã sử dụng;Tự động;Xăng;Đang cập nhật;SUV / Cross over;7;Bảo hành hãng;> 1 tấn;> 2 tấn
TOYOTA INNOVA G, SX 2014, SỐ TỰ ĐỘNG.;385.000.000 đ ;Toyota;Innova;2014;83000;Đã sử dụng;Tự động;Xăng;Việt Nam;Minivan (MPV);8;Bảo hành hãng;> 1 tấn;> 2 tấn
Honda Brio RS 2019 màu cực đẹp!;375.000.000 đ ;Honda;Brio;2019;40000;Đã sử dụng;Tự động;Xăng;Thái Lan;Hatchback;5;Bảo hành hãng;> 1 tấn;> 2 tấn
MG HS 1.5 Sport 2WD 2022 Bảo Hành 12 Tháng;530.000.000 đ ;MG;HS;2022;53000;Đã sử dụng;Tự động;Xăng;Trung Quốc;SUV / Cross over;5;Bảo hành hãng;> 1 tấn;> 2 tấn
CIVIC G 2022 MỘT CHỦ DÙNG ĐI LƯỚT CÒN ĐẸP;699.000.000 đ ;Honda;Civic;2022;34000;Đã sử dụng;Tự động;Xăng;Thái Lan;Sedan;2;Bảo hành hãng;> 1 tấn;> 2 tấn
CIVIC RS MODEL 2021 FULL ĐỒ CHƠI, CHỈ 2 VẠN KM;715.000.000 đ ;Honda;Civic;2021;20000;Đã sử dụng;5;Xăng;Thái Lan;Sedan;5;Bảo hành hãng;> 1 tấn;> 2 tấn
Honda City RS 2021 Mới 99% - Lướt 11,300km Chuẩn;515.000.000 đ ;Honda;City;2021;11300;Đã sử dụng;Tự động;Xăng;Đang cập nhật;Sedan;5;Bảo hành hãng;> 1 tấn;> 2 tấn
Mazda CX5 bản premium 2022, 1,4 vạn, full lịch sử;785.000.000 đ ;Mazda;CX 5;2022;14000;Đã sử dụng;Tự động;Xăng;Việt Nam;SUV / Cross over;5;Bảo hành hãng;> 1 tấn;> 2 tấn
MAZDA 6 bản 2.5 Sản xuất 2017 bản 2.5 Full Option;519.000.000 đ ;Mazda;6;2017;10;Đã sử dụng;Tự động;Xăng;Đang cập nhật;Sedan;5;Bảo hành hãng;> 1 tấn;> 2 tấn
ACCENT 1.4ATH sx 2019;435.000.000 đ ;Hyundai;Accent;2019;41000;Đã sử dụng;Tự động;Xăng;Việt Nam;Sedan;5;Bảo hành hãng;> 1 tấn;> 2 tấn
Grand I10 1.2MT sx 2020;299.000.000 đ ;Hyundai;Grand i10;2020;61000;Đã sử dụng;Số sàn;Xăng;Việt Nam;Hatchback;5;Bảo hành hãng;> 1 tấn;> 2 tấn
MG5 LUXURY 2022 NHẬP THÁI MÀU VÀNG CỰC ĐẸP;459.000.000 đ ;MG;5;2022;11000;Đã sử dụng;Tự động;Xăng;Thái Lan;Sedan;5;Bảo hành hãng;> 1 tấn;> 2 tấn
BMW 528 GT 2016 Nhập Đức 01 Chủ Từ Đầu;1.279.000.000 đ ;BMW;5 Series;2016;73000;Đã sử dụng;Tự động;Xăng;Đang cập nhật;Sedan;4;Bảo hành hãng;> 1 tấn;> 2 tấn
Ford Everest titanium 4x2 xe cực mới;999.000.000 đ ;Ford;Everest;2022;35000;Đã sử dụng;Tự động;Dầu;Đang cập nhật;SUV / Cross over;9;Bảo hành hãng;> 1 tấn;> 2 tấn
Mazda BT 50 3.2 2019 2 cầu số tự động màu xanh đen;535.000.000 đ ;Mazda;BT 50;2019;46000;Đã sử dụng;Tự động;Xăng;Thái Lan;Pick-up (bán tải);5;Bảo hành hãng;> 1 tấn;> 2 tấn
Lexus NX200T , F-Sport xe nhập Mỹ odo 5v sx 2015;1.270.000.000 đ ;Lexus;NX;2015;50000;Đã sử dụng;Tự động;Xăng;Đang cập nhật;SUV / Cross over;8;Bảo hành hãng;> 1 tấn;> 2 tấn
Mercedes Benz C Class C 300 AMG 2020;1.290.000.000 đ ;Mercedes Benz;C Class;2020;30000;Đã sử dụng;Tự động;Xăng;Đang cập nhật;Sedan;5;Bảo hành hãng;> 1 tấn;> 2 tấn
Kia Sorento 2015 2WD DATH máy dầu số tự động;565.000.000 đ ;Kia;Sorento;2015;80000;Đã sử dụng;Tự động;Dầu;Việt Nam;SUV / Cross over;5;Bảo hành hãng;> 1 tấn;> 2 tấn
Ford Ranger Wildtrack 3.2 2016 cực nét;535.000.000 đ ;Ford;Ranger;2016;78000;Đã sử dụng;Tự động;Dầu;Đang cập nhật;Pick-up (bán tải);5;Bảo hành hãng;> 1 tấn;> 2 tấn
Honda City RS 2021 sx và lăn bánh 2021 odo 2v;499.000.000 đ ;Honda;City;2021;20000;Đã sử dụng;Tự động;Xăng;Đang cập nhật;Sedan;2;Bảo hành hãng;> 1 tấn;> 2 tấn
RANGER XLS 2020 SỐ SÀN MỘT CHỦ DÙNG KHÔNG LỖI LẪM;498.000.000 đ ;Ford;Ranger;2020;50000;Đã sử dụng;Số sàn;Dầu;Thái Lan;Pick-up (bán tải);5;Bảo hành hãng;> 1 tấn;> 2 tấn
bán xe CIVIC 1.8AT sx 2011;330.000.000 đ ;Honda;Civic;2011;96000;Đã sử dụng;Tự động;Xăng;Việt Nam;Sedan;5;Bảo hành hãng;> 1 tấn;> 2 tấn
Hyundai grandi10 1.2 AT sx 2020 biển HN 1 chủ;350.000.000 đ ;Hyundai;Grand i10;2020;50000;Đã sử dụng;Tự động;Xăng;Việt Nam;Hatchback;5;Bảo hành hãng;> 1 tấn;> 2 tấn
CIVIC G MODEL 2021 FULL ĐỒ CHƠI XỊN, CHỈ 15.000KM;650.000.000 đ ;Honda;Civic;2021;15000;Đã sử dụng;Tự động;Xăng;Thái Lan;Sedan;5;Bảo hành hãng;> 1 tấn;> 2 tấn
Mazda 2 2016 màu trắng số tự động;350.000.000 đ ;Mazda;2;2016;78000;Đã sử dụng;Tự động;Xăng;Việt Nam;Sedan;5;Bảo hành hãng;> 1 tấn;> 2 tấn
bán xe MORNING 1.25AT sx 2016;295.000.000 đ ;Kia;Morning;2016;78000;Đã sử dụng;Tự động;Xăng;Việt Nam;Hatchback;5;Bảo hành hãng;> 1 tấn;> 2 tấn
FORTE 1.6AT SLI sx 2009;288.000.000 đ ;Kia;Forte;2009;66000;Đã sử dụng;Tự động;Xăng;Hàn Quốc;Sedan;5;Bảo hành hãng;> 1 tấn;> 2 tấn
Hãng Ford bán Ranger Wildtrak Bi Turbo lướt 1 chủ;715.000.000 đ ;Ford;Ranger;2020;32500;Đã sử dụng;Tự động;Dầu;Thái Lan;Pick-up (bán tải);5;Bảo hành hãng;> 1 tấn;> 2 tấn
Attrage 2021 MT nhập khẩu xe siêu đẹp odo 3v;290.000.000 đ ;Mitsubishi;Attrage;2021;30000;Đã sử dụng;Số sàn;Xăng;Đang cập nhật;Sedan;5;Bảo hành hãng;> 1 tấn;> 2 tấn
Mitsubishi Outlander 2019 số tự động màu trắng;595.000.000 đ ;Mitsubishi;Outlander;2019;60000;Đã sử dụng;Tự động;Xăng;Việt Nam;SUV / Cross over;5;Bảo hành hãng;> 1 tấn;> 2 tấn
TRANSIT SVP 2018 CAM MÁY ZIN XE CHẠY ÍT KO ĐỖ HƠI;559.000.000 đ ;Ford;Transit;2018;105000;Đã sử dụng;Số sàn;Dầu;Việt Nam;Minivan (MPV);16;Bảo hành hãng;> 1 tấn;> 2 tấn
bán xe VIOS 1.5G AT sx 2017;398.000.000 đ ;Toyota;Vios;2017;66000;Đã sử dụng;Tự động;Xăng;Việt Nam;Sedan;5;Bảo hành hãng;> 1 tấn;> 2 tấn
Honda Accord 2.0L xe nhập khẩu Đài Loan, sx 2011;319.000.000 đ ;Honda;Accord;2011;10000;Đã sử dụng;Tự động;Xăng;Đài Loan;Sedan;5;Bảo hành hãng;> 1 tấn;> 2 tấn
Lexus GX470 , model 2006;499.000.000 đ ;Lexus;GX;2006;1;Đã sử dụng;Tự động;Xăng;Đang cập nhật;SUV / Cross over;7;Bảo hành hãng;> 1 tấn;> 2 tấn
Innova 2.0E sx2019 đi 72000km xe bán tại hãng;539.000.000 đ ;Toyota;Innova;2019;82000;Đã sử dụng;Số sàn;Xăng;Việt Nam;Minivan (MPV);8;Bảo hành hãng;> 1 tấn;> 2 tấn
Honda CRV 2.4 2016 xe cực chất;575.000.000 đ ;Honda;CR V;2016;14000;Đã sử dụng;Tự động;Xăng;Đang cập nhật;SUV / Cross over;5;Bảo hành hãng;> 1 tấn;> 2 tấn
Hyundai Creta 1.5L Đặc Biệt 2022;635.000.000 đ ;Hyundai;Creta;2022;17000;Đã sử dụng;Tự động;Xăng;Nước khác;SUV / Cross over;2;Bảo hành hãng;> 1 tấn;> 2 tấn
Hãng Ford bán Everest Titan 4x2 2020 bs SG 1 chủ;925.000.000 đ ;Ford;Everest;2021;45000;Đã sử dụng;Tự động;Dầu;Thái Lan;SUV / Cross over;7;Bảo hành hãng;> 1 tấn;> 2 tấn
Mercedes C Class C200 Avantgarde sx 2022 odo 1v2;1.319.000.000 đ ;Mercedes Benz;C Class;2022;12000;Đã sử dụng;Tự động;Xăng;Đang cập nhật;Sedan;2;Bảo hành hãng;> 1 tấn;> 2 tấn
__💥Xe Mercedes GLK 300 4MATIC sx 2009 odo 13v 💥🚘;355.000.000 đ ;Mercedes Benz;GLK Class;2009;130000;Đã sử dụng;Tự động;Xăng;Đang cập nhật;SUV / Cross over;5;Bảo hành hãng;> 1 tấn;> 2 tấn
Peugeot 208 Model 2014 , chạy 48.000 KM cực đẹp ạ;340.000.000 đ ;Peugeot;208;2014;48000;Đã sử dụng;Tự động;Xăng;Đang cập nhật;Hatchback;5;Bảo hành hãng;> 1 tấn;> 2 tấn
Hyundai Accent 2022 bản đủ ATH biển Hà Nội 1 chủ;485.000.000 đ ;Hyundai;Accent;2022;20000;Đã sử dụng;Tự động;Xăng;Đang cập nhật;Sedan;2;Bảo hành hãng;> 1 tấn;> 2 tấn
ban Suzuki xl 7 sx 2022;529.000.000 đ ;Suzuki;XL 7;2022;30000;Đã sử dụng;Tự động;Xăng;Ấn Độ;Minivan (MPV);7;Bảo hành hãng;> 1 tấn;> 2 tấn
Toyota Fortuner 2013 máy xăng số tự động;435.000.000 đ ;Toyota;Fortuner;2013;110000;Đã sử dụng;Tự động;Xăng;Việt Nam;SUV / Cross over;7;Bảo hành hãng;> 1 tấn;> 2 tấn
Vinfast Fadil bản plus sx cuối 2020 Full đồ;340.000.000 đ ;Vinfast;Fadil;2020;24256;Đã sử dụng;Tự động;Xăng;Việt Nam;Hatchback;5;Bảo hành hãng;> 1 tấn;> 2 tấn
Kia Seltos 1.4AT đăng ký lần đầu T1/2021 biển HN;590.000.000 đ ;Kia;Seltos;2021;10;Đã sử dụng;Tự động;Xăng;Đang cập nhật;SUV / Cross over;5;Bảo hành hãng;> 1 tấn;> 2 tấn